07-Ghost;07-Ghost;31349;MANGA
07-Ghost;07-Ghost;5525;ANIME
18if;18if;98512;ANIME
19_2;Thanatos no Futago;53624;MANGA
20th century boys;20th Century Boys;30003;MANGA
86 2nd Season;86 EIGHTY-SIX Season 2;131586;ANIME
86;86 EIGHTY-SIX;116589;ANIME
86;86―EIGHTY-SIX;98610;MANGA
91 Days;19 Tian;85850;MANGA
91 Days;91 Days;21711;ANIME
A False Confession;A False Confession;113910;MANGA
A Way To Protect You, Sweetheart;A Way To Protect You, Sweetheart;131772;MANGA
ACCA: 13-ku Kansatsu-ka;ACCA: 13-ku Kansatsu-ka Specials;100979;ANIME
Ability Shop;ABILITY SHOP;46657;MANGA
Absolute Duo;Absolute Duo;20785;ANIME
Absolute Obedience (Hon);Absolute Obedience;-2;MANGA
Absolute Obedience (Hon);Absolute Obedience;114650;MANGA
Absolute Obedience (Hon);Absolute Submission;-2;MANGA
Absolute Submission;Absolute Obedience (Hon);114650;MANGA
Accel World EX;Accel World Ex;13939;ANIME
Accel World: Acchel World.;Accel World: Acchel World.;13859;ANIME
Accel World: Acchel World.;Accel World;53116;MANGA
Accel World;Accel World;11759;ANIME
Accel World;Accel World;53116;MANGA
Again!!;Again!!;65013;MANGA
Aho Girl;AHO-GIRL;98251;ANIME
Aho Girl;Mieruko-chan;105097;MANGA
Ai Tenchi Muyo!;Ai Tenchi Muyo!;20726;ANIME
Ai Tenchi Muyo!;Ai Tenchi Muyou!;87252;MANGA
Ai no Utagoe o Kikasete;Ai no Utagoe wo Kikasete;136030;MANGA
Ai no Utagoe o Kikasete;Sing a Bit of Harmony;123899;ANIME
Aishiteru Game wo Owarasetai;Aishiteru Game wo Owarasetai;143031;MANGA
Ajin 2nd Season;AJIN: Demi-Human 2;21799;ANIME
Akame ga Kill!;Akame ga KILL!;55132;MANGA
Akame ga Kill!;Akame ga Kill!;20613;ANIME
Akaneiro ni Somaru Saka;My Teen Romantic Comedy SNAFU OVA;18753;ANIME
Aku No Hana.7862;Aku no Hana;107437;MANGA
Akudama Drive;Akudama Drive;116566;ANIME
Akuma no Riddle;Koakuma no Riddle;111557;MANGA
Akuma no Riddle;Riddle Story of Devil;19429;ANIME
Akumetsu;Akumetsu;31101;MANGA
Aldnoah.Zero 2;ALDNOAH.ZERO;20632;ANIME
Aldnoah.Zero 2;Aldnoah.Zero Season One;87007;MANGA
Aldnoah.Zero;ALDNOAH.ZERO;20632;ANIME
Aldnoah.Zero;Aldnoah.Zero Season One;87007;MANGA
All You Need is Kill;All You Need Is Kill;85215;MANGA
Alya Sometimes Hides Her Feelings in Russian;Alya Sometimes Hides Her Feelings in Russian;130687;MANGA
Am I Your Daughter?;Am I Your Daughter?;125697;MANGA
Amaenaide yo!!;Ah My Buddha!!;591;ANIME
Amagami SS;Amagami SS;8676;ANIME
Amagami SS;Tying the Knot with an Amagami Sister;128160;MANGA
An Unseemly Lady;An Unseemly Lady;141579;MANGA
Angel Beats!: Another Epilogue;Angel Beats!: Another Epilogue;10067;ANIME
Angel Beats!: The Last Operation;Angel Beats! The Last Operation;101892;MANGA
Angel Beats!;Angel Beats! Heaven's Door;49671;MANGA
Angel Beats!;Angel Beats!;6547;ANIME
Anime Tenchou x Touhou Project;Anime Tenchou x Touhou Project;9875;ANIME
Ano Hi Mita Hana no Namae o Bokutachi wa Mada Shiranai.;Ano Hi Mita Hana no Namae wo Bokutachi wa Mada Shiranai.: Menma e no Tegami;107342;ANIME
Ano Hi Mita Hana no Namae wo Bokutachi wa Mada Shiranai.;Ano Hi Mita Hana no Namae wo Bokutachi wa Mada Shiranai.: Menma e no Tegami;107342;ANIME
Ano Hi Mita Hana no Namae wo Bokutachi wa Mada Shiranai.;Ano Hi Mita Hana no Namae wo Bokutachi wa Mada Shiranai.;65733;MANGA
Ano Natsu de Matteru;Waiting in the Summer;11433;ANIME
Another: The Other - Inga;Another: The Other;11701;ANIME
Another;Another;11111;ANIME
Another;Another;54098;MANGA
Ansatsu Kyoushitsu;Assassination Classroom;20755;ANIME
Ansatsu Kyoushitsu;Assassination Classroom;69883;MANGA
Ao Haru Ride;Ao Haru Ride;54294;MANGA
Ao Haru Ride;Blue Spring Ride;20596;ANIME
Ao no Exorcist Gekijouban;Blue Exorcist: The Movie;11737;ANIME
Ao no Exorcist;Blue Exorcist;43492;MANGA
Are you Alice?;Are You Alice?;44770;MANGA
Arifureta Shokugyou de Sekai Saikyou;Arifureta Shokugyou de Sekai Saikyou Prologue;145560;ANIME
Arifureta Shokugyou de Sekai Saikyou;Arifureta: From Commonplace to World’s Strongest;96834;MANGA
Arslan Senki: Fuujin Ranbu;The Heroic Legend of Arslan: Dust Storm Dance;21424;ANIME
Arslan Senki;Arslan Senki;81235;MANGA
Arslan Senki;The Heroic Legend of Arslan;20935;ANIME
Athena Complex;Athena Complex;98834;MANGA
Ayashimon;Ayashimon;141261;MANGA
B Gata H Kei;B Gata H Kei;49007;MANGA
B Gata H Kei;Yamada's First Time: B Gata H Kei;7817;ANIME
Baby Squirrel Is Good At Everything  Reading;Talented Baby Squirrel;154921;MANGA
Baka to Test to Shoukanjuu Ni!;Baka and Test - Summon the Beasts;6347;ANIME
Baka to Test to Shoukanjuu;Baka and Test - Summon the Beasts;6347;ANIME
Baka to Test to Shoukanjuu;Baka to Test to Shoukanjuu Spinoffs;46790;MANGA
Bakemono no Ko;Negai wo Kanaete Moraou to Akuma wo Shoukan Shita kedo, Kawaikatta node Kekkon Shimashita: Akuma no Niizuma;121762;MANGA
Bakemono no Ko;The Boy and The Beast;20981;ANIME
Bakemonogatari;Bakemonogatari;5081;ANIME
Bakuman.;Bakuman.;7674;ANIME
Bakuman.;Bakuman.;95994;MANGA
Ballroom e Youkoso;Welcome to the Ballroom;98005;ANIME
Baroness Goes on Strike;Baroness Goes on Strike;139958;MANGA
Bastard;Bastard;86964;MANGA
Battle Royale;Battle Royale;30142;MANGA
Beastars;BEASTARS;98587;MANGA
Beck;Laid-Back Camp;98444;ANIME
Beelzebub: Hirotta Akachan wa Daimaou!?;Beelzebub: Hirotta Akachan wa Daimaou!?;9120;ANIME
Beelzebub: Kaiketsu!! Beel-bo Meitantei Suiri;Beelzebub: Kaiketsu!! Beel-bo Meitantei Suiri;16532;ANIME
Beelzebub: Sakigake!! Beel to Shinsengumi;Beelzebub: Sakigake!! Beel to Shinsengumi;13067;ANIME
Beelzebub;Beelzebub;40010;MANGA
Ben-To;Ben-To;10396;ANIME
Berserk;Berserk;30002;MANGA
Black Bullet;Black Bullet;20457;ANIME
Black Bullet;Black Bullet;75559;MANGA
Black Cat;Black Cat;68;ANIME
Black Clover;Black Clover;86123;MANGA
Black Clover;Black Clover;97940;ANIME
Black Haze;Black Haze;85286;MANGA
Black Lagoon;Black Lagoon;889;ANIME
Black Torch;Black Torch;98148;MANGA
Black★Rock Shooter;Black★Rock Shooter;12079;ANIME
Blame!;BLAME!;30149;MANGA
Bleach;Bleach;269;ANIME
Bleach;Bleach;30012;MANGA
Blinded By The Setting Sun Ch;The Spark in Your Eyes;119701;MANGA
Blood Lad;Blood Lad;11633;ANIME
Blood Lad;Blood Lad;51614;MANGA
Blood Moon;Blood Loop;116450;MANGA
Bloody Monday;Bloody Monday;35627;MANGA
Blue Lock;Blue Lock;106130;MANGA
Boku dake ga Inai Machi;ERASED;21234;ANIME
Boku no Hero Academia;My Hero Academia;85486;MANGA
Boku wa Tomodachi ga Sukunai Next;Haganai NEXT;14967;ANIME
Boku wa Tomodachi ga Sukunai;Haganai;10719;ANIME
Bokura wa Minna Kawaisou;The Kawai Complex Guide to Manors and Hostel Behavior;20529;ANIME
Boruto: Naruto Next Generations;Boruto: Naruto Next Generations;87178;MANGA
Boy's Abyss;Boy's Abyss;116186;MANGA
Brave 10;Brave 10;11241;ANIME
Btooom!;BTOOOM!;14345;ANIME
Buddy Complex;Buddy Complex;20533;ANIME
Bungou Stray Dogs;Bungo Stray Dogs;21311;ANIME
Burn the Witch;BURN THE WITCH;116673;ANIME
Buster Keel!;Buster Keel!;41027;MANGA
C: The Money of Soul and Possibility Control;[C] - CONTROL - The Money and Soul of Possibility;10163;ANIME
Can You Just Die, My Darling?;Can You Just Die, My Darling?;86797;MANGA
Challengers;The Challenger;139500;MANGA
Charlotte;Charlotte;20997;ANIME
Chrono Crusade;Chrono Crusade;60;ANIME
Chuunibyou demo Koi ga Shitai! Ren;Love, Chunibyo & Other Delusions - Heart Throb -;18671;ANIME
Chuunibyou demo Koi ga Shitai!;Love, Chunibyo & Other Delusions;14741;ANIME
Clannad;Clannad;2167;ANIME
Classroom☆Crisis;Classroom☆Crisis;21112;ANIME
Code Geass: Boukoku no Akito 1 - Yokuryuu wa Maiorita;Code Geass: Akito the Exiled - The Wyvern Arrives;8888;ANIME
Code Geass: Boukoku no Akito 2 - Hikisakareshi Yokuryuu;Code Geass: Boukoku no Akito 2 - Hikisakareshi Yokuryuu Picture Drama;109002;ANIME
Code Geass: Hangyaku no Lelouch R2;Code Geass: Hangyaku no Lelouch R2 Picture Drama;5163;ANIME
Code Geass: Hangyaku no Lelouch;Code Geass: Hangyaku no Lelouch DVD Magazine;126169;ANIME
Coppelion;Coppelion;9479;ANIME
Corpse Party: Missing Footage;Corpse Party: Missing Footage;13807;ANIME
Corpse Party: Tortured Souls - Bougyaku Sareta Tamashii no Jukyou;Corpse Party;15037;ANIME
Cowboy Bebop;Cowboy Bebop;1;ANIME
Cowboy Bebop;Cowboy Bebop;30173;MANGA
Cowboy Bepop;Cowboy Bebop;1;ANIME
C³;Carole & Tuesday;101281;ANIME
D-Frag!;D-Frag!;20031;ANIME
D.Gray-man;D.Gray-man;1482;ANIME
DARLING in the FRANXX;DARLING in the FRANXX;99423;ANIME
DICE;Dice;30934;MANGA
DRAMAtical Murder;DRAMAtical Murder;20677;ANIME
Dagashi Kashi;Dagashi Kashi;21365;ANIME
Danganronpa Kibou no Gakuen to Zetsubou no Koukousei The Animation;Danganronpa: The Animation;16592;ANIME
Danshi Koukousei no Nichijou;Daily Lives of High School Boys;11843;ANIME
Darwin's Game;Darwin's Game;78881;MANGA
Date A Live: Date to Date;Date A Live: Date to Date;17641;ANIME
Date a Live II;Date A Live II;19163;ANIME
Date a Live;Date A Live;15583;ANIME
Dead Dead Demon's Dededede Destruction;Dead Dead Demon's Dededede Destruction;85316;MANGA
Death Parade;Death Parade;20931;ANIME
DeathCord;Deathco;86993;MANGA
Deca-Dence;DECA-DENCE;110353;ANIME
Defense Devil;Defense Devil;43748;MANGA
Densetsu no Yuusha no Densetsu;The Legend of the Legendary Heroes;8086;ANIME
Devil Survivor 2 The Animation;Devil Survivor 2: The Animation;16512;ANIME
Devilman: crybaby;Devilman Crybaby;98460;ANIME
Dies Irae;Dies irae;21555;ANIME
Dimension W;Dimension W;21256;ANIME
Dolly♥Kill Kill;Dolly Kill Kill;85506;MANGA
Dororo;Dororo;101347;ANIME
Doubt;Doubt;35293;MANGA
Dr Player;Dr. Player;158221;MANGA
Dungeon Seeker;Dungeon Seeker;97999;MANGA
Dungeon ni Deai wo Motomeru no wa Machigatteiru Darou ka Gaiden: Sword Oratoria;Sword Oratoria: Is it Wrong to Try to Pick Up Girls in a Dungeon? On the Side;21676;ANIME
Durarara!!;Durarara!!;6746;ANIME
Durarara!!x2 Shou;Durarara!! X2;20652;ANIME
Eisen no Lovelock;Eisen no Lovelock;132353;MANGA
Eiyuu to Kenja no Tensei Kon;Eiyuu to Kenja no Tensei Kon;146826;MANGA
Elfen Lied;Elfen Lied;226;ANIME
En'en no Shouboutai;Fire Force;86310;MANGA
Fairy Tail: 100-nen Quest;Fairy Tail: 100 Years Quest;103255;MANGA
Fairy Tail;Fairy Tail;30598;MANGA
Fairy Tail;Fairy Tail;6702;ANIME
Falling for the Enemy;Falling for the Enemy;146364;MANGA
Fate/Apocrypha;Fate/Apocrypha;98035;ANIME
Fate/Zero 2nd Season;Fate/Zero Season 2;11741;ANIME
Fate/Zero;Fate/Zero;10087;ANIME
Fate/stay night Movie: Unlimited Blade Works;Fate/stay night: Unlimited Blade Works (Movie);6922;ANIME
Fate/stay night: Unlimited Blade Works 2nd Season - Sunny Day;Fate/stay night: Unlimited Blade Works 2nd Season - sunny day;21318;ANIME
Fate/stay night: Unlimited Blade Works;Fate/stay night: Unlimited Blade Works;19603;ANIME
Fate/stay night;Fate/stay night;356;ANIME
Father, I Don't Want this Marriage;Father, I Don't Want this Marriage;130300;MANGA
Fruits Basket;Fruits Basket;120;ANIME
Fugou Keiji Balance:Unlimited;The Millionaire Detective - Balance: UNLIMITED;114888;ANIME
Fukumenkei Noise;Anonymous Noise;21773;ANIME
Fukushuu o Koinegau Saikyou Yuusha wa, Yami no Chikara de Senmetsu Musou Suru;Fukushuu wo Koinegau Saikyou Yuusha wa, Yami no Chikara de Senmetsu Musou suru;107780;MANGA
Fumetsu no Anata e;To Your Eternity;114535;ANIME
Futsuu ni Naritai;As a Reincarnated Aristocrat, I’ll Use My Appraisal Skill to Rise in the World;121753;MANGA
GUNxSWORD;Gun x Sword;411;ANIME
Ga-Rei: Zero;Ga-Rei-Zero;4725;ANIME
Gaikotsu Kishi-sama, Tadaima Isekai e Odekake-chuu;Skeleton Knight in Another World;98900;MANGA
Gakuen Babysitters;School Babysitters;98503;ANIME
Gakuen Mokushiroku: Highschool of the Dead;High School of the Dead;8074;ANIME
Gakusen Toshi Asterisk;The Asterisk War;21131;ANIME
Gamers!;GAMERS!;97766;ANIME
Gangsta.;GANGSTA.;20773;ANIME
Gangsta.;GANGSTA.;54903;MANGA
Gantz;Gantz;30564;MANGA
Gantz;Gantz;384;ANIME
Garo: Guren no Tsuki;Garo: Crimson Moon;21277;ANIME
Gatchaman Crowds;Gatchaman Crowds;18229;ANIME
Gekiryuuchi;Gekiryuuchi;45010;MANGA
Genshiken;Genshiken;240;ANIME
Ginga Kikoutai Majestic Prince;Majestic Prince;15863;ANIME
Giniro no Kami no Agito;Origin: Spirits of the Past;1140;ANIME
Gintama;Gintama;918;ANIME
Glass no Megami;Goddess of the Glass;33093;MANGA
Glasslip;Glasslip;20645;ANIME
God Eater;God Eater;20849;ANIME
Gokukoku no Brynhildr;Brynhildr in the Darkness;20534;ANIME
Gokukoku no Brynhildr;Brynhildr in the Darkness;64377;MANGA
Golden Time;Golden Time;17895;ANIME
Goodbye, Eri;Goodbye, Eri;146983;MANGA
Goodbye, In-law;Goodbye, In-law;120727;MANGA
Grancrest Senki;Record of Grancrest War;97768;ANIME
Grisaia no Kajitsu;The Fruit of Grisaia;17729;ANIME
Grisaia no Rakuen;The Eden of Grisaia;21006;ANIME
Guilty Crown;Guilty Crown;10793;ANIME
Gyakkyou Burai Kaiji: Ultimate Survivor;Kaiji - Ultimate Survivor;3002;ANIME
Hachigatsu, Kanojo wa Uso o Tsuku.;Hachigatsu, Kanojo wa Uso wo Tsuku.;92127;MANGA
Hagure Yuusha no Aesthetica;Aesthetica of a Rogue Hero;13161;ANIME
Hai to Gensou no Grimgar;Grimgar of Fantasy and Ash;21428;ANIME
Haikyuu!!;HAIKYU!!;20464;ANIME
Haiyore! Nyaruko-san;Haiyore! Nyaruko-san W OVA;20733;ANIME
Hajimete no Gal;My First Girlfriend is a Gal;97863;ANIME
Hakuouki;Hakuoki: Demon of the Fleeting Blossom (2010);6895;ANIME
Half & Half;Half & Half;72545;MANGA
Hamatora The Animation;Hamatora;20521;ANIME
Hana-Saku Iroha;Hanasaku Iroha ~Blossoms for Tomorrow~;9289;ANIME
Hanamaru Youchien;Hanamaru Kindergarten;6574;ANIME
Happiness;Happiness;86136;MANGA
Heavy Object;Heavy Object;20881;ANIME
Hello World;HELLO WORLD;110599;MANGA
Hentai Ouji to Warawanai Neko;The "Hentai" Prince and the Stony Cat.;15225;ANIME
Hero;Her;48843;MANGA
Hidan no Aria;Aria the Scarlet Ammo;8630;ANIME
Higashi no Eden;Eden of The East;5630;ANIME
Himegoto;Himegoto;20634;ANIME
Hitori no Shita: The Outcast;Hitori no Shita - The Outcast;21840;ANIME
Holyland;Holyland;33285;MANGA
Honey, I'm Going on Strike;Honey, I'm Going on Strike;139958;MANGA
Horimiya;Horimiya;72451;MANGA
Hotaru no Yomeiri;Hotaru no Yomeiri;159142;MANGA
How to Become a Dragon;How to Become a Dragon;118600;MANGA
Hungry Joker;Hungry Joker;75221;MANGA
Hunter x Hunter (2011);Hunter x Hunter (2011);11061;ANIME
Hunter x Hunter;Hunter x Hunter;30026;MANGA
Hyouka;Hyouka;12189;ANIME
Hypnotising My Master to Do What I Say;Hypnotising My Master to Do What I Say;144665;MANGA
I Am Trying to Divorce My Villainous Husband, but We Have a Child;I Am Trying to Divorce My Villainous Husband, but We Have a Child;155459;MANGA
I Am a Hero;I Am a Hero;44440;MANGA
I Have a Dragon's Heart;I Have a Dragon's Heart;152611;MANGA
I Will Change the Genre;I Will Change the Genre;133038;MANGA
I Will Divorce My Tyrant Husband;I Will Divorce My Tyrant Husband;153438;MANGA
I'll Be the Matriarch in This Life;I'll Be the Matriarch in This Life;130429;MANGA
ID: INVADED;ID: INVADED;110350;ANIME
IS: Infinite Stratos 2;Infinite Stratos 2;18247;ANIME
Inou Battle wa Nichijou-kei no Naka de;When Supernatural Battles Became Commonplace;20646;ANIME
Inu x Boku SS;Inu X Boku Secret Service;11013;ANIME
Inuyashiki;INUYASHIKI LAST HERO;97922;ANIME
Isekai Maou to Shoukan Shoujo Dorei Majutsu;How NOT to Summon a Demon Lord;86338;MANGA
Isekai Meikyuu de Harem o;Isekai Meikyuu de Harem wo;99462;MANGA
Itazura na Kiss;ItaKiss;3731;ANIME
I’m a Villainess, Can I Die?;I’m a Villainess, Can I Die?;148919;MANGA
Jigokuraku;Hell’s Paradise: Jigokuraku;100994;MANGA
JoJo no Kimyou na Bouken;JoJo's Bizarre Adventure: Diamond is Unbreakable;21450;ANIME
Jujutsu Kaisen 0: Tokyo Toritsu Jujutsu Koutou Senmon Gakkou;Jujutsu Kaisen 0.5: Tokyo Toritsu Jujutsu Koutou Senmon Gakkou;143129;MANGA
Jujutsu Kaisen;Jujutsu Kaisen;101517;MANGA
Just Because!;Just Because!;98820;ANIME
Juujika No Rokunin;Juujika no Rokunin;116671;MANGA
Juuni Taisen;JUNI TAISEN：ZODIAC WAR;98443;ANIME
Kagami no Kuni no Harisugawa;Kagami no Kuni no Harisugawa;56584;MANGA
Kaguya-sama wa Kokurasetai: Tensai-tachi no Renai Zunousen;Kaguya-sama wa Kokurasetai: Tensaitachi no Renai Zunousen OVA;125368;ANIME
Kaguya-sama wa Kokurasetai: Tensai-tachi no Renai Zunousen;Kaguya-sama wa Kokurasetai: Tensaitachi no Renai Zunousen;126246;MANGA
Kaguya-sama wa Kokurasetai? Tensai-tachi no Renai Zunousen;Kaguya-sama wa Kokurasetai: Tensaitachi no Renai Zunousen OVA;125368;ANIME
Kaibutsu Oujo;Princess Resurrection;2130;ANIME
Kaifuku Jutsushi no Yarinaoshi;Redo of Healer;113425;ANIME
Kakegurui;Kakegurui;98314;ANIME
Kakumeiki Valvrave 2nd Season;Valvrave the Liberator 2;18295;ANIME
Kami nomi zo Shiru Sekai II;The World God Only Knows: Goddesses;16706;ANIME
Kami nomi zo Shiru Sekai;The World God Only Knows;37519;MANGA
Kami nomi zo Shiru Sekai;The World God Only Knows;8525;ANIME
Kami-sama no Inai Nichiyoubi;Sunday Without God;16009;ANIME
Kami-sama no Memo-chou;Heaven's Memo Pad;10568;ANIME
Kamisama no Inai Nichiyoubi: Kioku;Kamisama no Inai Nichiyoubi: Kioku;20423;ANIME
Kanzen Kaihi Healer no Kiseki;Kanzen Kaihi Healer no Kiseki;110941;MANGA
Karakai Jouzu no Takagi-san;Karakai Jouzu Takagi-san;138552;MANGA
Karin;Karin: Chibi Vampire;469;ANIME
Karneval;Karneval;16035;ANIME
Kataribe no List;Kataribe no List;59659;MANGA
Katsugeki/Touken Ranbu;Katsugeki TOUKEN RANBU;21742;ANIME
Kawaii Kanojo-chan;Kawaii Kanojo-chan;144155;MANGA
Kaze no Stigma;Kaze no Stigma;1691;ANIME
Kekkai Sensen;Blood Blockade Battlefront;20727;ANIME
Kekkon Yubiwa Monogatari;Tales of Wedding Rings;85310;MANGA
Kenja no Mago;Kenja no Mago;87293;MANGA
Kidou Senshi Gundam: Tekketsu no Orphans;Kidou Senshi Gundam: Tekketsu no Orphans - Urðr Hunt;114842;ANIME
Kill la Kill;Kill la Kill;18679;ANIME
Kill the Villainess;Kill the Villainess;132165;MANGA
Killer and Immortal Target;Killer and Immortal Target;114975;MANGA
Killing Stalking;Killing Stalking;97897;MANGA
Kimetsu no Yaiba;Demon Slayer: Kimetsu no Yaiba;101922;ANIME
Kimetsu no Yaiba;Demon Slayer: Kimetsu no Yaiba;87216;MANGA
Kimi ni Todoke;Kimi ni Todoke: From Me to You;6045;ANIME
Kimi no Iru Machi;Kimi no Iru Machi OVA;20715;ANIME
Kimi no Na wa.;Kimi no Na wa;92598;MANGA
Kimi no Na wa.;Your Name.;21519;ANIME
KimiKiss Pure Rouge;Kimikiss pure rouge Special;4205;ANIME
Kin no Tamago;Kin no Tamago;87366;MANGA
King's Raid: Ishi wo Tsugumono-tachi;KING's RAID: Successors of the Will;118376;ANIME
Kingdom;Kingdom;46765;MANGA
Kiruru Kill Me.25498;Kiruru Kill Me;117004;MANGA
Kiseijuu: Sei no Kakuritsu;Parasyte -the maxim-;20623;ANIME
Kiseijuu;Kiseiju;143362;MANGA
Koe no Katachi;A Silent Voice;20954;ANIME
Koi to Senkyo to Chocolate;Love, Election and Chocolate;12175;ANIME
Koi to Uso;LOVE and LIES;98320;ANIME
Koi wa Ameagari no You ni;After the Rain;86639;MANGA
Kokkoku;KOKKOKU;100332;ANIME
Kokoro ga Sakebitagatterunda.;The Anthem of the Heart;20968;ANIME
Kono Oto Tomare!;Kono Oto Tomare!: Sounds of Life;103302;ANIME
Kono Subarashii Sekai ni Shukufuku wo! 2;Kono Subarashii Sekai ni Shukufuku wo! 3;136804;ANIME
Kono Subarashii Sekai ni Shukufuku wo!;Kono Subarashii Sekai ni Shukufuku wo! 3;136804;ANIME
Konyakusha wa, Watashi no Imouto ni Koi wo suru;Konyakusha wa, Watashi no Imouto ni Koi wo Suru;117986;MANGA
Kore wa Zombie Desu ka?;Is this a Zombie?;8841;ANIME
Koukyoushi Hen Eureka Seven;Eureka Seven;237;ANIME
Koutetsujou no Kabaneri: Unato Kessen;Kabaneri of the Iron Fortress: The Battle of Unato;97918;ANIME
Kujira no Kora wa Sajou ni Utau;Children of the Whales;98449;ANIME
Kuroko no Basket;Kuroko's Basketball;11771;ANIME
Kuzu no Honkai;Scum's Wish;21701;ANIME
Kyoukai no Kanata;Beyond the Boundary;18153;ANIME
Kyoukaisen-jou no Horizon;Horizon in the Middle of Nowhere;10456;ANIME
Kyuuseishu ≪meshia≫~isekai Wo Sukutta Moto Yuusha Ga Mamono No Afureru Genjitsu Sekai Wo Musou Suru~;Messiah: Isekai o Sukutta Moto Yuusha ga Mamono no Afureru Genjitsu Sekai o Musou suru;154906;MANGA
LV999 no Murabito;LV999 no Murabito;99410;MANGA
Ladies versus Butlers!;Ladies Versus Butlers;7148;ANIME
Lady Crystal is a Man;Lady Crystal is a Man;161796;MANGA
Lies Become You;Lies Become You;149109;MANGA
Life is Money;Life is Money;58184;MANGA
Listen To My Lady's Story ―villainess Conquest Record―;Listen to My Lady's Story: Villainess Conquest Record;160995;MANGA
Log Horizon 2nd Season;Log Horizon 2;20671;ANIME
Log Horizon;Log Horizon;17265;ANIME
Loop;LOOP;146359;MANGA
Love Parameter;Love Parameter;86911;MANGA
Love Square Panic;Genkai Koe no Skill wa Tenseisha ni Shika Atsukaenai Over Limit Skill Holder;124426;MANGA
Lovelock Of Majestic War;Eisen no Lovelock;132353;MANGA
Lovely★Complex;Lovely Complex;2034;ANIME
M3: Sono Kuroki Hagane;M3: Sono Kuroki Hagane;20647;ANIME
ME!ME!ME!;TONIKAWA: Over The Moon For You;116267;ANIME
MM!;MM!;8424;ANIME
Machida-kun no Sekai;Machida-kun no Sekai;97701;MANGA
Madan no Ou to Vanadis;Lord Marksman and Vanadis;20809;ANIME
Madan no Ou to Vanadis;Madan no Ou to Vanadis;73393;MANGA
Magic Kaito;Magic Kaito;8310;ANIME
Magico;Magico;54825;MANGA
Mahou Sensou;Vermeil in Gold;146210;ANIME
Mahouka Koukou no Rettousei;Mahouka Koukou no Rettousei 3;143271;ANIME
Mahoutsukai no Yome;Mahoutsukai no Yoru;143103;ANIME
Mahoutsukai no Yome;The Ancient Magus' Bride;85435;MANGA
Mairimashita! Iruma-kun;Welcome to Demon School! Iruma-kun;99324;MANGA
Majo ni Ataeru Tettsui;Iron Hammer Against The WITCH;86701;MANGA
Majo no Tabitabi;Wandering Witch: The Journey of Elaina;112609;ANIME
Maou Gakuin no Futekigousha: Shijou Saikyou no Maou no Shiso, Tensei shite Shison-tachi no Gakkou e;Maou Gakuin no Futekigousha: Shijou Saikyou no Maou no Shiso, Tensei shite Shison-tachi no Gakkou e Kayou 2nd Season Part 2;130590;ANIME
Maoyuu Maou Yuusha;Maoyu: Archenemy & Hero;14833;ANIME
Marriage of Convenience;Marriage of Convenience;147587;MANGA
Mars Red;MARS RED;115183;ANIME
Masamune-kun no Revenge;Masamune-kun no Revenge;86690;MANGA
Mashiroiro Symphony: Love Is Pure White;Mashiroiro Symphony;10397;ANIME
Mashle: Magic and Muscles;Mashle: Magic and Muscles;114960;MANGA
Mayo Chiki!;Mayo Chiki!;10110;ANIME
Megalo Box;Megalobox;100298;ANIME
Meikyuu Black Company;The Dungeon of Black Company;120608;ANIME
Meitantei Conan;Case Closed;235;ANIME
Memento Mori;Memento Mori;96394;MANGA
Messiah: Isekai o Sukutta Moto Yuusha ga Mamono no Afureru Genjitsu Sekai o Musou suru;Kyuuseishu ≪Messiah≫: Isekai wo Sukutta Moto Yuusha ga Mamono no Afureru Genjitsu Sekai wo Musou Suru;154906;MANGA
Minami-ke;Minami-ke;2963;ANIME
Mirai Nikki Redial;The Future Diary: Redial;16762;ANIME
Mirai Nikki;Mirai Nikki OVA;8460;ANIME
Mokrin;Mokrin;159171;MANGA
Mondaiji-itachi ga Isekai kara Kuru Sou desu yo? Z;Mondaiji-tachi ga Isekai kara Kuru Sou Desu yo? Z;79333;MANGA
Mondaiji-tachi ga Isekai kara Kuru Sou Desu yo?: Onsen Manyuuki;Problem Children Are Coming From Another World, Aren't They? OVA;16444;ANIME
Mondaiji-tachi ga Isekai kara Kuru Sou Desu yo?;Problem Children Are Coming From Another World, Aren't They?;15315;ANIME
Moujuusei Shounen Shoujo;Moujuusei Shounen Shoujo;97741;MANGA
Mouretsu Pirates;Bodacious Space Pirates;8917;ANIME
Mouryou no Hako;Mouryou no Hako;4879;ANIME
Munou na Nana;Talentless Nana;117343;ANIME
Munou na Nana;Talentless Nana;99536;MANGA
My Daughter Is The Final Boss;My Daughter Is The Final Boss;147636;MANGA
My Fiancé Is In Love With My Little Sister;Konyakusha wa, Watashi no Imouto ni Koi wo suru;117986;MANGA
My Girlfriend Cheated on Me With a Senior, so I’m Cheating on Her With His Girlfriend;My Girlfriend Cheated on Me With a Senior, so I’m Cheating on Her With His Girlfriend;140702;MANGA
My Insanely Competent Underlings;My Insanely Competent Underlings;158488;MANGA
MÄR;MÄR;30134;MANGA
NHK ni Youkoso!;Welcome to the N-H-K;1210;ANIME
Nagato Yuki-chan no Shoushitsu;The Disappearance of Nagato Yuki-chan;20566;ANIME
Nanatsu no Taizai;Gekidan Nanatsu no Taizai;128535;ANIME
Nanatsu no Taizai;sin: Nanatsu no Taizai;121857;MANGA
Nanbaka;NANBAKA;21051;ANIME
Naruto;Naruto;20;ANIME
Naruto;Naruto;30011;MANGA
Natsume Arata no Kekkon  ;Natsume Arata no Kekkon  ;121817;MANGA
Natsume Yuujinchou;Natsume's Book of Friends;4081;ANIME
Nerawareta Gakuen;Dragon Ball Z: Wrath of the Dragon;906;ANIME
Netoge no Yome wa Onnanoko ja Nai to Omotta?;And you thought there is never a girl online?;21290;ANIME
Nisekoi;Nisekoi;18897;ANIME
No Game No Life;No Game, No Life;19815;ANIME
Nobunaga the Fool;Nobunaga the Fool;20509;ANIME
Nodame Cantabile;Nodame Cantabile;1698;ANIME
Nogizaka Haruka no Himitsu;Haruka Nogizaka's Secret;3467;ANIME
Noragami OAD;Noragami OVA;20494;ANIME
Noragami;Noragami;20447;ANIME
Nozomanu Fushi no Boukensha;The Unwanted Undead Adventurer;100693;MANGA
Nurarihyon no Mago: Sennen Makyou;Nura: Rise of the Yokai Clan - Demon Capital;10049;ANIME
Nurarihyon no Mago;Nura: Rise of the Yokai Clan;7592;ANIME
Nyan Koi;Nyan Koi!;6512;ANIME
Ochikobore Datta Ani Ga Jitsu Wa Saikyou – Shijou Saikyou No Yuusha Wa Tenseishi, Gakuen De Mujikaku Ni Musou Suru 7.3   Animated Glitched Scans;Ochikobore Datta Ani ga Jitsu wa Saikyou - Shijou Saikyou no Yuusha wa Tenseishi, Gakuen de Mujikaku ni Musou suru;145429;MANGA
Ochikobore Datta Ani Ga Jitsu Wa Saikyou – Shijou Saikyou No Yuusha Wa Tenseishi, Gakuen De Mujikaku Ni Musou Suru 7.4   Animated Glitched Scans;Ochikobore Datta Ani ga Jitsu wa Saikyou - Shijou Saikyou no Yuusha wa Tenseishi, Gakuen de Mujikaku ni Musou suru;145429;MANGA
Ochikobore Datta Ani ga Jitsu wa Saikyou - Shijou Saikyou no Yuusha wa Tenseishi, Gakuen de Mujikaku ni Musou suru;Ochikobore Datta Ani ga Jitsu wa Saikyou: Shijou Saikyou no Yuusha wa Tenseishi, Gakuen de Mujikaku ni Musou suru;145429;MANGA
Oda Nobuna no Yabou;The Ambition of Oda Nobuna;11933;ANIME
Omniscient Reader;Omniscient Reader;119257;MANGA
On Why She Chose Death   Oneshot;On Why She Chose Death;141445;MANGA
On Why She Chose Death;On Why She Chose Death;141445;MANGA
Onani Master Kurosawa;Onani Master Kurosawa;38967;MANGA
One Piece: Episode of Luffy - Hand Island no Bouken;One Piece: Episode of Luffy - Hand Island Adventure;16239;ANIME
One Piece: Episode of Nami - Koukaishi no Namida to Nakama no Kizuna;ONE PIECE: Episode of Nami - Koukaishi no Namida to Nakama no Kizuna;15323;ANIME
One Piece;ONE PIECE;21;ANIME
One Piece;One Piece;30013;MANGA
One-Punch Man (ONE);One-Punch Man;74347;MANGA
Ookami Kodomo no Ame to Yuki;Wolf Children;12355;ANIME
Ookami to Koushinryou II;Spice and Wolf II;5341;ANIME
Ookami to Koushinryou;Spice and Wolf;2966;ANIME
Ookami-san to Shichinin no Nakama-tachi;Okami-san and Her Seven Companions;7769;ANIME
Ore ga Doutei o Sutetara Shinu Ken ni Tsuite;Ore ga Doutei wo Sutetara Shinu Ken ni Tsuite;71535;MANGA
Ore no Imouto ga Konnani Kawaii Wake ga Nai.;Oreimo;8769;ANIME
Ore no Imouto ga Konnani Kawaii Wake ga Nai;Oreimo;8769;ANIME
Ore no Kanojo to Osananajimi ga Shuraba Sugiru;Oreshura;14749;ANIME
Ore no Nounai Sentakushi ga, Gakuen Love Comedy wo Zenryoku de Jama Shiteiru;My Mental Choices Are Completely Interfering With My School Romantic Comedy;19221;ANIME
Ore wo Suki Nano wa Omae Dake ka yo;Ore wo Suki Nano wa Omae Dake ka yo;98648;MANGA
Otome Game no Hametsu Flag shika nai Akuyaku Reijou ni Tensei shiteshimatta...;Otome Game no Hametsu Flag shika Nai Akuyaku Reijou ni Tensei shiteshimatta… Movie;139359;ANIME
Ou-sama Game: Shuukyoku;Ousama Game Shuukyoku;77332;MANGA
Ou-sama Game;Ousama Game;138671;MANGA
Oumagadoki Doubutsuen;Oumagadoki Doubutsuen;51062;MANGA
Ousama Ranking;Ranking of Kings;113717;ANIME
Outbreak Company;Outbreak Company;19369;ANIME
Overlord II;Overlord II;98437;ANIME
Overlord III;Overlord III;101474;ANIME
Overlord;Overlord;20832;ANIME
Owari no Seraph: Nagoya Kessen-hen;Seraph of the End: Battle in Nagoya;20993;ANIME
Owari no Seraph;Seraph of the End: Vampire Reign;20829;ANIME
Papa Wolf and the Puppy;Papa Wolf and the Puppy;123409;MANGA
Paprika;Paprika;1943;ANIME
Persona 4 The Animation;Persona 4 the Animation;10588;ANIME
Persona 4 The Golden Animation;Persona4 the Golden ANIMATION;20713;ANIME
Persona: Trinity Soul;Persona -trinity soul-;3366;ANIME
Peter Grill to Kenja no Jikan;Peter Grill and the Philosopher’s Time;100143;MANGA
Phantasy Star Online 2: The Animation;Phantasy Star Online 2 The Animation;21264;ANIME
Photokano;Photo Kano;16397;ANIME
Plastic Memories;Plastic Memories;20872;ANIME
Platinum End;Platinum End;86526;MANGA
Please, Let Me Return Home;Please, Let Me Return Home;141121;MANGA
Pokémon Best Wishes!;Pokémon: Black & White;9107;ANIME
Princess Lucia;Princess Lucia;42985;MANGA
Ragna-Crimson;Ragna Crimson;99065;MANGA
Rail Wars!;Rail Wars!;20583;ANIME
Rakuen Tsuihou: Expelled from Paradise;Expelled From Paradise;13391;ANIME
Ranking of Kings;Ranking of Kings;114388;MANGA
Re: Hamatora;Re: Hamatora;20711;ANIME
Re:CREATORS;Re:CREATORS;97980;ANIME
Re:Marina;Re:Marina;85377;MANGA
Re:Monster;Re:Monster;85495;MANGA
Re:Zero kara Hajimeru Isekai Seikatsu - Hyouketsu no Kizuna;Re:ZERO -Starting Life in Another World- OVA;100049;ANIME
Re:Zero kara Hajimeru Isekai Seikatsu 2nd Season;Re:ZERO -Starting Life in Another World- Season 2;108632;ANIME
Re:Zero kara Hajimeru Isekai Seikatsu: Dai-1 Shou - Outo no Ichinichi-hen;Re:ZERO -Starting Life in Another World- Chapter 1: A Day in the Capital;85736;MANGA
Re:Zero kara Hajimeru Isekai Seikatsu: Dai-3 Shou - Truth of Zero;Re:ZERO -Starting Life in Another World- Chapter 3: Truth of Zero;87259;MANGA
Re:Zero kara Hajimeru Isekai Seikatsu: Memory Snow;Re:ZERO -Starting Life in Another World- OVA;100049;ANIME
Re:Zero kara Hajimeru Isekai Seikatsu;Re:ZERO -Starting Life in Another World-;21355;ANIME
ReLIFE;ReLIFE;85849;MANGA
ReLIFE;ReLife;85849;MANGA
Read Shimotsuki San Likes The Mob ~this Shy Girl Is Only Sweet Towards Me~;Shimotsuki-san wa Mobu ga Suki;148054;MANGA
Real;Real;30657;MANGA
Record of Ragnarok;Record of Ragnarok;107098;MANGA
Reincarnated • The Hero Marries The Sage ~after Becoming Engaged To A Former Rival, We Became The Strongest Couple~;Eiyuu to Kenja no Tensei Kon;146826;MANGA
Rengoku no Ashe;Rengoku no Ashe;86636;MANGA
Rengoku no Karma;Rengoku no Karma;86063;MANGA
Retsujou Mixture;Lust Mix;103597;MANGA
Return Of The Frozen Player;Return Of The Frozen Player;130870;MANGA
Return Survival;Return Survival;118935;MANGA
Revolutionary Princess Eve;Revolutionary Princess Eve;131263;MANGA
Rokka no Yuusha;Rokka -Braves of the Six Flowers-;20955;ANIME
Rooftop Sword Master;Oktapbang Sword Master;122395;MANGA
SWOT;SWOT;50678;MANGA
Saenai Heroine no Sodatekata;Saekano: How to Raise a Boring Girlfriend;20657;ANIME
Saikyou Densetsu Kurosawa;The Legend of the Strongest, Kurosawa!;33575;MANGA
Saiyuuki Reload Blast;SAIYUKI RELOAD BLAST;87498;ANIME
Sakurada Reset;Sagrada Reset;97660;ANIME
Sakurako-san no Ashimoto ni wa Shitai ga Umatteiru;Beautiful Bones -Sakurako's Investigation-;21066;ANIME
Sakurasou no Pet na Kanojo;The Pet Girl of Sakurasou;13759;ANIME
Sankarea Episodes 14;Sankarea (OVA);13055;ANIME
Sankarea: Wagahai mo... Zombie de Aru...;Sankarea: I, Too, Am... A Zombie...;16694;ANIME
Sankarea;Sankarea: Undying Love;11499;ANIME
See You in My 19th Life;See You in My 19th Life;122060;MANGA
Seikaisuru Kado;KADO: The Right Answer;21452;ANIME
Seikon no Qwaser;The Qwaser of Stigmata;6500;ANIME
Seirei Tsukai no Blade Dance;Bladedance of Elementalers;20663;ANIME
Seitokai Yakuindomo;Seitokai Yakuindomo;8675;ANIME
Seitokai no Ichizon;Student Council's Discretion;5909;ANIME
Seizon - Life;Seizon: LifE;34333;MANGA
Servamp;Servamp;59887;MANGA
Shadowless Night;Shadowless Night;154429;MANGA
Shadows House;Shadows House;104063;MANGA
Shakugan no Shana;Shakugan no Shana;355;ANIME
Shaman King;Shaman King;30050;MANGA
She Is Young;Young Girl;86631;MANGA
She's Hopeless;She's Hopeless;126944;MANGA
Shiguang Daili Ren;LINK CLICK;126403;ANIME
Shikabane Hime: Aka;Corpse Princess: Aka;4581;ANIME
Shiki;Shiki;7724;ANIME
Shimotsuki San Likes The Mob ~this Shy Girl Is Only Sweet Towards Me~;Shimotsuki-san wa Mobu ga Suki;148054;MANGA
Shimotsuki-san wa Mobu ga Suki;Shimotsuki-san wa Mob ga Suki;148054;MANGA
Shingeki no Kyojin;Attack on Titan;16498;ANIME
Shingeki no Kyojin;Attack on Titan;53390;MANGA
Shingetsutan Tsukihime;Lunar Legend Tsukihime;30705;MANGA
Shinigami x Doctor;Shinigami x Doctor;85393;MANGA
Shinrei Tantei Yakumo;Psychic Detective Yakumo;7662;ANIME
Shinreigari: Ghost Hound;Ghost Hound;2596;ANIME
Shisha no Teikoku;The Empire of Corpses;20965;ANIME
Shokugeki no Souma;Food Wars! Shokugeki no Soma;20923;ANIME
Shuuen no Shiori;Shuuen no Shiori;76714;MANGA
Shuumatsu no Laughter;Laughter at the World's End;75773;MANGA
Sidonia no Kishi;Sidonia no Kishi Movie;21154;ANIME
Sisters at War;Sisters at War;155133;MANGA
Sket Dance;SKET Dance;9863;ANIME
Solo Leveling;Solo Leveling;105398;MANGA
Sono Bisque Doll wa Koi wo Suru;My Dress-Up Darling;132405;ANIME
Sora no Otoshimono: Tokeijikake no Angeloid;Heaven's Lost Property the Movie: The Angeloid of Clockwork;9790;ANIME
Soredemo Sekai wa Utsukushii;The World is Still Beautiful;20599;ANIME
Soul Eater Not!;Soul Eater Not!;20547;ANIME
Soul Eater;Soul Eater;30908;MANGA
Soul Eater;Soul Eater;3588;ANIME
Spirits of the Sea;Spirits of the Sea;134821;MANGA
Spy x Family;SPY x FAMILY;108556;MANGA
Strike the Blood;Strike the Blood;18277;ANIME
Suki tte Ii na yo.;Say "I love you".;14289;ANIME
Summer Time Render;Summer Time Render;102989;MANGA
Sun Ken Rock;Sun-Ken Rock;38848;MANGA
Sweet Home;Sweet Home;100954;MANGA
Sword Art Online;Sword Art Online;11757;ANIME
Taimadou Gakuen 35 Shiken Shoutai;Anti-Magic Academy: The 35th Test Platoon;20704;ANIME
Takopi's Original Sin;Takopi's Original Sin;142568;MANGA
Takt Op. Destiny;takt op.Destiny;131565;ANIME
Talented Baby Squirrel;Talented Baby Squirrel;154921;MANGA
Tasogare Otome x Amnesia;Dusk Maiden of Amnesia;12445;ANIME
Tate no Yuusha no Nariagari;The Rising of the Shield Hero;85442;MANGA
Tate no Yuusha no Nariagari;The Rising of the Shield Hero;99263;ANIME
Tegamibachi;Letter Bee;6444;ANIME
Ten Count;Ten Count;85555;MANGA
Tensei gotoki de Nigerareru to demo, Nii-san?;Tensei gotoki de Nigerareru to demo, Nii-san?;126078;MANGA
Tensei shitara Slime Datta Ken;Tenchura! Tensei Shitara Slime Datta Ken;110029;MANGA
The Breaker 3: Eternal Force   Mmscans;The Breaker: Eternal Force;148677;MANGA
The Breaker 3: Eternal Force;The Breaker: Eternal Force;148677;MANGA
The Breaker: New Waves;The Breaker: New Waves;52651;MANGA
The Breaker;The Breaker;38586;MANGA
The Day I Started Fanboying For The Girl I Used To Dislike   Oneshot;The Day I Started Fanboying for the Girl I Used to Dislike;157457;MANGA
The Day I Started Fanboying for the Girl I Used to Dislike; The Day I Started Fanboying for the Girl I Used to Dislike;157457;MANGA
The Duke's Bored Daughter is My Master;The Duke's Bored Daughter is My Master;146517;MANGA
The Fantasie of a Stepmother;The Fantasie of a Stepmother;111075;MANGA
The Flower Dance And The Wind Song;The Flower Dances and the Wind Sings;128483;MANGA
The Flower Dances and the Wind Sings;The Flower Dances and the Wind Sings;128483;MANGA
The Gamer;The Gamer;85155;MANGA
The God of High School;The God of High School;85141;MANGA
The Kind Older Sister Is No More;The Kind Older Sister Is No More;153944;MANGA
The Perfect Evasion Healer;Kanzen Kaihi Healer no Kiseki;110941;MANGA
The Real Daughter Is Back;The Real Daughter Is Back;153848;MANGA
The Serial Killer Is Reincarnated Into the Another World;The Serial Killer Is Reincarnated Into the Another World;159295;MANGA
The Wolf That Picked Something Up.25416;Papa Wolf and the Puppy;123409;MANGA
There Were Ti'Mes When I Wished You Were Dead;Wished You Were Dead;141843;MANGA
This Villainess Wants a Divorce!;This Villainess Wants a Divorce!;107763;MANGA
Tiji-kun;Tiji-kun!;46604;MANGA
To LOVE-Ru;To Love Ru;3455;ANIME
To a New You ;To a New You ;139411;MANGA
Toaru Hikuushi e no Koiuta;The Pilot's Love Song;19117;ANIME
Toaru Majutsu no Index II;A Certain Magical Index II;8937;ANIME
Toaru Majutsu no Index;A Certain Magical Index;4654;ANIME
Tokoshi x Bullet: Shin Minato Koubou-sen;Tokoshi x Bullet: Shin Minato Koubou-sen;125008;MANGA
Tokyo ESP;Tokyo ESP;19199;ANIME
Tokyo Ghoul √A;Tokyo Ghoul √A;20850;ANIME
Tokyo Ghoul:re;Tokyo Ghoul:re;85611;MANGA
Tokyo Ghoul;Tokyo Ghoul;63327;MANGA
Tokyo Godfathers;Tokyo Godfathers;759;ANIME
Tokyo Ravens;Tokyo Ravens;16011;ANIME
Tokyo卍Revengers;Tokyo Revengers;102988;MANGA
Tonagura!;Tonagura!;1218;ANIME
Tonari no Kaibutsu-kun;Tonari no Kaibutsu-kun PV;148587;ANIME
Tora Kiss - A School Odyssey;Tora Kiss: A School Odyssey;69627;MANGA
Toradora!;Toradora!;4224;ANIME
Toriko;Toriko;10033;ANIME
Tougen Anki;Tougen Anki;119968;MANGA
Towa no Quon 1: Utakata no Kaben;Towanoquon: The Ephemeral Petala;10294;ANIME
Tower of God;Tower of God;85143;MANGA
Trigun: Badlands Rumble;Trigun: Badlands Rumble;4106;ANIME
Trinity Seven;TRINITY SEVEN;20631;ANIME
Trinity Wonder;Trinity Wonder;87198;MANGA
Tsuihousareru Tabi Ni Skill Wo Te Ni Ireta Ore Ga, 100 No Isekai De 2 Shuume Musou;Tsuihousareru Tabi ni Skill wo Te ni Ireta Ore ga, 100 no Isekai de 2-shuume Musou;159212;MANGA
Tsuki ga Kirei;I Time-Traveled and Confessed to My Teacher Crush;107978;MANGA
Tsuki ga Michibiku Isekai Douchuu;Tsuki ga Michibiku Isekai Douchuu;87224;MANGA
Tsukimichi: Moonlit Fantasy;Tsukimichi: Moonlit Fantasy;87225;MANGA
Tsuyokute New Saga;Tsuyokute New Saga;85890;MANGA
UQ Holder!;UQ HOLDER!;85151;MANGA
Un-Go;UN-GO;10798;ANIME
Undead Unluck;Undead Unluck;114791;MANGA
Uramichi Oniisan;Life Lessons with Uramichi Oniisan;112802;ANIME
Uratarou;Uratarou;97728;MANGA
Utawarerumono: Itsuwari no Kamen;Utawarerumono The False Faces;21218;ANIME
Vanitas no Carte;The Case Study of Vanitas;86568;MANGA
Venus Puts Fur On Me.;Venus Puts Fur On Me.;110030;MANGA
Vinland Saga;Vinland Saga;30642;MANGA
We Were Living Apart, so Let’s Start My Family Again;We Were Living Apart, so Let’s Start My Family Again;131377;MANGA
Who Made Me a Princess;Who Made Me a Princess;107521;MANGA
Wicked Trapper: Hunter Of Heroes;Wicked Trapper: Hunter of Heroes;115411;MANGA
Witch Hunter;Witch Hunter;35113;MANGA
Wolf's Rain;Wolf's Rain;202;ANIME
Wonted;Wonted;85841;MANGA
Writing My Male Lead's Happily Ever After   Season 1 Finale;Writing My Male Lead's Happily Ever After;146498;MANGA
Writing My Male Lead's Happily Ever After;Writing My Male Lead's Happily Ever After;146498;MANGA
Yahari Ore no Seishun Love Comedy wa Machigatteiru. OVA;Yahari Ore no Seishun Love Come wa Machigatteiru. Kan OVA;128643;ANIME
Yahari Ore no Seishun Love Comedy wa Machigatteiru.;Yahari Ore no Seishun Love Come wa Machigatteiru. Kan OVA;128643;ANIME
Yakusoku no Neverland;Oyakusoku no Neverland;107620;MANGA
Yesterday wo Utatte;Yesterday wo Utatte Extras;117496;ANIME
Youkoso Jitsuryoku Shijou Shugi no Kyoushitsu e;Youkoso Jitsuryoku Shijou Shugi no Kyoushitsu e 3rd Season;146066;ANIME
Your Throne;Your Throne;114542;MANGA
Yozakura Quartet;Yozakura Quartet;4548;ANIME
Yumekui Merry;Dream Eater Merry;9331;ANIME
Yuukoku no Moriarty;Moriarty the Patriot;98544;MANGA
Yuusha ni Narenakatta Ore wa Shibushibu Shuushoku o Ketsui Shimashita.;I Couldn’t Become a Hero, So I Reluctantly Decided to Get a Job.;18677;ANIME
Yuusha, Yamemasu;I’m Quitting Heroing;140457;ANIME
Zankyou no Terror;Terror in Resonance;20661;ANIME
Zennou no Noa;Zennou no Noa - The World of Lost memories;50597;MANGA
Zero kara Hajimeru Mahou no Sho;Grimoire of Zero;97682;ANIME
Zero no Tsukaima F;The Familiar of Zero;1195;ANIME
Zero no Tsukaima: Futatsuki no Kishi;The Familiar of Zero: Knight of the Twin Moons;1840;ANIME
Zero no Tsukaima: Princess no Rondo;Zero no Tsukaima: Princesses no Rondo Picture Drama;6489;ANIME
Zero no Tsukaima;The Familiar of Zero;1195;ANIME
Zetsuen no Tempest: The Civilization Blaster;Blast of Tempest;14075;ANIME
a false confession;A False Confession;113910;MANGA
a gate opened on my first day as a politician;A Gate Opened on my First Day as a Politician;153084;MANGA
a returners magic should be special;A Returner's Magic Should Be Special;105393;MANGA
a story about smoking at the back of the supermarket;A Story About Smoking at the Back of the Supermarket;147149;MANGA
a story where all the characters are super yandere;A Story Where All the Characters Are Super Yandere;159277;MANGA
a way to protect you sweetheart;A Way To Protect You, Sweetheart;131772;MANGA
a way to protect you, sweetheart;A Way To Protect You, Sweetheart;131772;MANGA
a wifes sweet revenge;A Wife's Sweet Revenge;148392;MANGA
a-breakthrough-brought-by-forbidden-master-and-disciple;A Breakthrough Brought by Forbidden Master and Disciple;124853;MANGA
a-gate-opened-on-my-first-day-as-a-politician;Imgi Cheonnare Gate-ga Yeollyeotda;153084;MANGA
a-returners-magi-should-be-speial;A Returner's Magic Should Be Special;105393;MANGA
a-returners-magic-should-be-special;A Returner's Magic Should Be Special;105393;MANGA
a-story-about-confessing-before-the-end-of-the-world;A Story about Confessing Before the End of the World;109663;MANGA
a-warrior-exiled-by-the-hero-and-his-lover;A Warrior Exiled by the Hero and His Lover;130938;MANGA
a-wifes-sweet-revenge;A Wife's Sweet Revenge;148392;MANGA
a;A, A¹;34268;MANGA
ab;Maruma Series;35489;MANGA
above the heavens;Yukashi Yuusha no Fukushuutan: Mizu wo Oyu ni suru Koto Shika Dekinai Yuusha dakedo, Subete wo Ubatta Omaera wo Korosu niwa Koitsu de Juubunda;116467;MANGA
above-the-heavens;Cang Tian Zai Xia;140050;MANGA
action;Fraction;63687;MANGA
aishiteru game wo owarasetai;Aishiteru Game wo Owarasetai;143031;MANGA
aku no hana;Aku no Hana;107437;MANGA
aku no hana;The Flowers of Evil;54705;MANGA
aku-no-hana.;The Flowers of Evil;54705;MANGA
aku-no-hana;Aku no Hana;107437;MANGA
aku-no-hana;The Flowers of Evil;54705;MANGA
alya sometimes hides her feelings in russian;Alya Sometimes Hides Her Feelings in Russian;130687;MANGA
am i your daughter?;Am I Your Daughter?;125697;MANGA
an unseemly lady;An Unseemly Lady;141579;MANGA
another typical fantasy romance;Another Typical Fantasy Romance;142254;MANGA
another-typial-fantasy-romane;Another Typical Fantasy Romance;142254;MANGA
another-typical-fantasy-romance;Another Typical Fantasy Romance;142254;MANGA
ao no flag;Blue Flag;98334;MANGA
asahina wakaba to marumaru na kareshi:;Asahina Wakaba to Marumaru na kareshi;113701;MANGA
ayashi'mon;Ayashimon;141261;MANGA
ayashimon;Ayashimon;141261;MANGA
baby squirrel is good at everything;Baby Squirrel Is Good at Everything;154921;MANGA
baby-who-catches-the-wind;Baby Who Catches the Wind;158765;MANGA
barbarian-quest;Barbarian Quest;148091;MANGA
baroness goes on strike;Baroness Goes on Strike;139958;MANGA
bestiarius;Toujuushi Bestialious;54637;MANGA
billy bat;Billy Bat;41054;MANGA
billy-bat;Billy Bat;41054;MANGA
black clover;Black Clover;86123;MANGA
black-clover;Black Clover;86123;MANGA
black-torch;Black Torch;98148;MANGA
blak-lover;Black Clover;86123;MANGA
blinded by the setting sun;The Spark in Your Eyes;119701;MANGA
blinded-by-the-setting-sun;The Spark in Your Eyes;119701;MANGA
blood-lad;Blood Lad;51614;MANGA
blue exorcist;Blue Exorcist;43492;MANGA
blue flame;Blue Flame;141414;MANGA
blue-exorcist;Blue Exorcist;43492;MANGA
blue-exorist;Blue Exorcist;43492;MANGA
blue-flame;The Blue Guardian of the Princess;131603;MANGA
boku no nakama wa isekai saikyou undead;Boku no Nakama wa Isekai Saikyo Undead;150684;MANGA
boku-no-hero-academia;My Hero Academia;85486;MANGA
boku-no-nakama-wa-isekai-saikyou-undead;Boku no Nakama wa Isekai Saikyo Undead;150684;MANGA
boroboro no elf san wo shiawase ni suru kusuriuri san;Boroboro no Elf-san wo Shiawase ni Suru Kusuriuri-san  ;139465;MANGA
boys abyss;Boy's Abyss;116186;MANGA
can you just die, my darling?;Can You Just Die, My Darling?;86797;MANGA
cant stop cursing you;Can't Stop Cursing You;112475;MANGA
cant-stop-cursing-you-;Can't Stop Cursing You;112475;MANGA
cant-stop-cursing-you;Can't Stop Cursing You;112475;MANGA
chainsaw man;Chainsaw Man;105778;MANGA
chainsaw-man;Chainsaw Man;105778;MANGA
challenge;Challengers;31198;MANGA
chapter 12;Jujutsu Kaisen: Bonus Manga;142781;MANGA
cheolsu-saves-the-world;Cheolsu Saves the World;154474;MANGA
chi no wadachi;Chi no Wadachi;98397;MANGA
chi-no-wadachi;Blood on the Tracks;98397;MANGA
chronicles of a returner;Chronicles of a Returner;150319;MANGA
chronicles-of-a-returner;Musingwihwallok;150319;MANGA
classroom of the elite;Classroom of the Elite;94970;MANGA
confessions;Confessions;141488;MANGA
country of the crimson moon;Land of the Crimson Moon;147520;MANGA
country-of-the-crimson-moon;Land of the Crimson Moon;147520;MANGA
dai tokyo oniyome den;Dai Tokyo Oniyome-den;154249;MANGA
dai-tokyo-oniyome-den;Dai Tokyo Oniyome-den;154249;MANGA
damn reincarnation;Damn Reincarnation;151512;MANGA
damn-reinarnation;Damn Reincarnation;151512;MANGA
damn-reincarnation;Damn Reincarnation;151512;MANGA
dandadan;Dandadan;132029;MANGA
dark gathering;Dark Gathering;109608;MANGA
dead dead demon's dededede destruction;Dead Dead Demon's Dededede Destruction;85316;MANGA
death is the only ending for the villainess;Villains Are Destined to Die;118408;MANGA
death-is-the-only-ending-for-the-villainess;Villains Are Destined to Die;118408;MANGA
deathcord;DeathCord;86993;MANGA
deatte  byou de battle;Battle in 5 Seconds;101437;MANGA
deatte 5 byou de battle;Deatte 5-byou de Battle;101437;MANGA
deatte--byou-de-battle;Battle in 5 Seconds;101437;MANGA
deatte-5-byou-de-battle;Battle in 5 Seconds;101437;MANGA
did you think you could run after reincarnating, nii san?;Did You Think You Could Run After Reincarnating, Nii-san?;126078;MANGA
did you think you could run after reincarnating, nii-san?:;Tensei gotoki de Nigerareru to demo, Nii-san?;126078;MANGA
did you think you could run after reincarnating, nii-san?;Did You Think You Could Run After Reincarnating, Nii-san?;126078;MANGA
diner;DINER;104023;MANGA
dokuzakura;Dokuzakura;111139;MANGA
doom breaker,;Doom Breaker;136220;MANGA
doom breaker;Doom Breaker;136220;MANGA
doom-breaker;Doom Breaker;136220;MANGA
dorei tensei sono dorei saikyou no moto ouji ni tsuki;Dorei Tensei: Sono Dorei Saikyou no Moto Ouji ni Tsuki;124941;MANGA
dorei-tensei-sono-dorei-saikyou-no-moto-ouji-ni-tsuki;Dorei Tensei: Sono Dorei Saikyou no Moto Ouji ni Tsuki;124941;MANGA
duke pendrago;Duke Pendragon;143025;MANGA
duke pendragon;Duke Pendragon: Master of the White Dragon;143025;MANGA
duke-pendrago;Duke Pendragon: Master of the White Dragon;143025;MANGA
duke-pendragon;Duke Pendragon: Master of the White Dragon;143025;MANGA
duke_pendragon/;Duke Pendragon: Master of the White Dragon;143025;MANGA
duke_pendragon;Duke Pendragon: Master of the White Dragon;143025;MANGA
dynasty scans;Trinity Seven: Anastasia Seiden;111750;MANGA
eden its an endless world;Eden: It's an Endless World!;30731;MANGA
eden;EDENS ZERO;101860;MANGA
eden;Eden;108781;MANGA
eleceed/;Eleceed;106929;MANGA
eleceed;Eleceed;106929;MANGA
eleeced;Eleceed;106929;MANGA
eleeed/;Eleceed;106929;MANGA
eleeed;Eleceed;106929;MANGA
ending maker;Ending Maker;150170;MANGA
ending-maker;Ending Maker;150170;MANGA
epic of gilgamesh;Epic of Gilgamesh;87416;MANGA
epic-of-gilgamesh;Gilgamesh;87416;MANGA
episode;Umineko When They Cry Episode 2: Turn of the Golden Witch;39547;MANGA
eternalforce;The Breaker: Eternal Force;148677;MANGA
eternalfore;Eternal Force;148677;MANGA
eternalfore;The Breaker: Eternal Force;148677;MANGA
existence;Existence;153987;MANGA
fairy tail 100 years quest;FAIRY TAIL: 100 YEARS QUEST;103255;MANGA
fairy tail:  years quest;Fairy Tail: 100 Years Quest;103255;MANGA
fairy-tail--years-quest;Fairy Tail: 100 Years Quest;103255;MANGA
fairy-tail-100-years-quest;Fairy Tail: 100 Years Quest;103255;MANGA
falling for the enemy;Falling for the Enemy;146364;MANGA
false confession;False Confession;113910;MANGA
fast forward;Fast Forward;134029;MANGA
fast-forward;Fast Forward;134029;MANGA
father, i don't want this marriage;Father, I Don't Want this Marriage;130300;MANGA
fff class trashero;FFF-Class Trashero;113666;MANGA
fff-class-trashero-;FFF-Class Trashero;113666;MANGA
fff-class-trashero;FFF-Class Trashero;113666;MANGA
final boss fake out: the protagonist thinks he killed me so now i'm free!;Final Boss Fake-out: The Protagonist Thinks He Killed Me So Now I'm Free!;132501;MANGA
final boss fake-out: the protagonist thinks he killed me so now i'm free!  -;Final Boss Fake-out: The Protagonist Thinks He Killed Me So Now I'm Free!;132501;MANGA
final boss fake-out;Final Boss Fake-out: The Protagonist Thinks He Killed Me So Now I'm Free!;132501;MANGA
finding my fathers son;Finding My Father's Son;143115;MANGA
finding-my-fathers-son;Heir to the Dragon Slayer Sword;143115;MANGA
flow;Flow;85173;MANGA
for-stella-;For Stella;137594;MANGA
four-horsemen-of-the-apocalypse;The Seven Deadly Sins: Four Knights of the Apocalypse;129117;MANGA
free in dreams;Free in Dreams ;145525;MANGA
free-in-dreams;Dreaming Freedom;145525;MANGA
fukushuu o koinegau saikyou yuusha wa yami no chikara de senmetsu musou suru;Fukushuu wo Koinegau Saikyou Yuusha wa, Yami no Chikara de Senmetsu Musou suru;107829;MANGA
fukushuu-o-koinegau-saikyou-yuusha-wa-yami-no-chikara-de-senmetsu-musou-suru;Fukushuu wo Koinegau Saikyou Yuusha wa, Yami no Chikara de Senmetsu Musou suru;107829;MANGA
games d magicoal;Mahou Shoujo Magical Marika: Mahou Shoujo, Miko, Himekishi, Social Game no Heroine to Harem Days;124312;MANGA
games;Game;85796;MANGA
goodbye eri;Goodbye, Eri;146983;MANGA
goodbye in law;Goodbye, In-law;120727;MANGA
goodbye, in law;Goodbye, In-law;120727;MANGA
greatest outcast;Greatest Outcast;87080;MANGA
greatest-outcast;Ultimate Outcast;87080;MANGA
guard pass;Guard Pass  ;140467;MANGA
guard-pass;Guard Pass  ;140467;MANGA
hapter/a;Hunter x Hunter;30026;MANGA
hapter_1;The Guy I Hate;103217;MANGA
hapter_5;Battle in 5 Seconds;101437;MANGA
headhunted to another world   from salaryman to big four;Headhunted to Another World: From Salaryman to Big Four!;118606;MANGA
headhunted to another world;Headhunted to Another World: From Salaryman to Big Four!;118606;MANGA
headhunted-to-another-world---from-salaryman-to-big-four;Headhunted to Another World: From Salaryman to Big Four!;118606;MANGA
hellsing;HELLSING;30267;MANGA
hero has returned;The Warrior Returns;135318;MANGA
hero-has-returned;The Max Level Hero Strikes Back!;125636;MANGA
hero-has-returned;The Warrior Returns;135318;MANGA
high rise invasion;High-Rise Invasion;85388;MANGA
homeless;Homeless;126986;MANGA
honey i'm going on a strike;Honey, I'm Going on Strike;139958;MANGA
honey im going on a strike;Baroness Goes on Strike;139958;MANGA
hotaru no yomeiri;Hotaru no Yomeiri;159142;MANGA
how to become a dragon;How to Become a Dragon;118600;MANGA
how to fight;Viral Hit;121991;MANGA
how to get my husband on my side;How to Get My Husband on My Side;141013;MANGA
how-to-fight;Viral Hit;121991;MANGA
how-to-get-my-husband-on-my-side;How to Win My Husband Over;141013;MANGA
hypnotising my master to do what i say;Hypnotising My Master to Do What I Say;144665;MANGA
i accidentally saved the male leads brother;I Accidentally Saved the Male Lead's Brother;159435;MANGA
i am trying to divorce my villainous husband but we have a child;I Am Trying to Divorce My Villainous Husband, but We Have a Child;155459;MANGA
i became a renowned familys sword prodigy;Widaehan Gamunui Geomsul Cheonjaega Doeeotda;152104;MANGA
i became the strongest with the failure frame;I Became the Strongest With The Failure Frame;110989;MANGA
i can see your death;I Can See Your Death;145537;MANGA
i have the dragons heart;I Have a Dragon's Heart;152611;MANGA
i regressed to my ruined family;I Regressed to My Ruined Family;158440;MANGA
i seduce the deceitful duke;I Seduced the Deceitful Duke;158604;MANGA
i tamed my ex husband's mad dog;I Tamed My Ex-Husband's Mad Dog;159399;MANGA
i tamed my exhusbands mad dog;I Tamed My Ex-Husband's Mad Dog;159399;MANGA
i was born as the demon lord s daughter;I Was Born as the Demon Lord's Daughter;113061;MANGA
i will change the genre;I Will Change the Genre;133038;MANGA
i will divorce my tyrant husband;I Will Divorce My Tyrant Husband;153438;MANGA
i'm a villainess can i die;I’m a Villainess, Can I Die?;148919;MANGA
i'm getting married to a girl i hate in my class:;I’m Getting Married to a Girl I Hate in My Class;134166;MANGA
i'm getting married to a girl i hate in my class;I’m Getting Married to a Girl I Hate in My Class;134166;MANGA
i'm really not the demon gods lackey;I'm Really Not the Demon God's Lackey;139741;MANGA
i-accidentally-saved-the-male-leads-brother;I Accidentally Saved the Male Lead's Brother;159435;MANGA
i-beame-a-renowned-familys-sword-prodigy;Widaehan Gamunui Geomsul Cheonjaega Doeeotda;152104;MANGA
i-became-a-renowned-familys-sword-prodigy;Widaehan Gamunui Geomsul Cheonjaega Doeeotda;152104;MANGA
i-became-the-wife-of-the-monstrous-crown-prince;I Became the Wife of the Monstrous Crown Prince;132156;MANGA
i-regressed-to-my-ruined-family;Hoegwihaetdeoni Gamuni Manghaetda;158440;MANGA
ijimeru aitsu ga waruinoka, ijimerareta boku ga waruinoka?;Ijimeru Aitsu Ga Warui no ka, Ijimerareta Boku ga Warui no ka?;127169;MANGA
ill be the matriarch in this life;I'll Be the Matriarch in This Life;130429;MANGA
im a shy and poor otaku but this beautiful rich young lady is obsessed with me;I'm A Shy and Poor Otaku but This Beautiful Rich Young Lady is Obsessed with Me;155441;MANGA
im going to rewrite the devastating novel;I'm Going to Rewrite the Devastating Novel;160840;MANGA
im not that kind of talent;I'm Not That Kind Of Talent;158448;MANGA
im really not the demon gods lackey;I'm Really Not the Demon God's Lackey;139741;MANGA
im-a-villainess-can-i-die;I am a Villainess Can I Die;-1;MANGA
im-really-not-the-demon-gods-lackey;I'm Really Not the Demon God's Lackey;139741;MANGA
imgi cheonnare gate ga yeollyeotda;Imgi Cheonnare Gate-ga Yeollyeotda;153084;MANGA
into the light once again;Into the Light, Once Again;139339;MANGA
into-the-light-once-again;Into the Light, Once Again;139339;MANGA
is this hero for real;Is This Hero for Real?;145966;MANGA
is-this-hero-for-real;Is This Hero for Real?;145966;MANGA
isekai shikkaku:;Isekai Shikkaku;112253;MANGA
i’m a shy and poor otaku but this beautiful rich young lady is obsessed with me;I'm A Shy and Poor Otaku but This Beautiful Rich Young Lady is Obsessed with Me;155441;MANGA
i’m glad they kicked me from the hero’s party... but why’re you following me, great saintess?;I’m Glad They Kicked Me From The Hero’s Party... But Why’re you following me, Great Saintess?;160769;MANGA
i’m going to rewrite the devastating novel-;I'm Going to Rewrite the Devastating Novel;160840;MANGA
jubunnoichi no hanayome:;Jubunnoichi no Hanayome;108601;MANGA
jujutsu kaisen;Jujutsu Kaisen;101517;MANGA
jujutsu-kaisen;Jujutsu Kaisen;101517;MANGA
jungle-juice;Jungle Juice;128882;MANGA
kaiju no ;Kaiju No.8;120760;MANGA
kaiju no;Kaiju No.8;120760;MANGA
kaiju-no-8;Kaiju No.8;120760;MANGA
kaiju-no-;Kaiju No.8;120760;MANGA
kaiju-no;Kaiju No.8;120760;MANGA
kaminaki-sekai-no-kamisama-katsudou;Kaminaki Sekai no Kamisama Katsudou;130965;MANGA
karina's last days;Karina's Last Days;142253;MANGA
kawaii kanojo chan;Kawaii Kanojo-chan;144155;MANGA
kaya chan wa kowakunai;Kaya-chan wa Kowakunai;147441;MANGA
kijin gentosho;Kijin Gentoushou;139499;MANGA
kijin-gentosho;Sword of the Demon Hunter: Kijin Gentosho;139499;MANGA
kill the villainess;Kill the Villainess;132165;MANGA
kill-the-dragon;Kill The Dragon;149624;MANGA
killer and immortal target;Killer and Immortal Target;114975;MANGA
kindergarten wars;Youchien WARS;154349;MANGA
kingdom;Kingdom;46765;MANGA
kino's journey;Kino's Journey: The Beautiful World;30399;MANGA
kinos journey;Kino's Journey: The Beautiful World;30399;MANGA
kinos_journey;Kino's Journey: The Beautiful World;30399;MANGA
kiruru kill me;Kiruru Kill Me;117004;MANGA
kiruru-kill-me.;Kiruru Kill Me;117004;MANGA
kiruru-kill-me;Kiruru Kill Me;117004;MANGA
lady crystal is a man;Lady Crystal is a Man;161796;MANGA
legend of the northern blade;The Legend of the Northern Blade;119521;MANGA
legend-of-the-northern-blade;The Legend of the Northern Blade;119521;MANGA
leviathan;Leviathan;110605;MANGA
lies become you;Lies Become You;149109;MANGA
lightning degree;Lightning Degree;127848;MANGA
lightning-degree;Masters of Lightning Knives;127848;MANGA
lilith's cord;Lilith's Cord;-2;MANGA
lips-on-the-tip-of-a-knife;Lips on the Tip of a Knife;156560;MANGA
list;Zom 100: Bucket List of the Dead;104660;MANGA
living as the tyrants older sister;Living as the Tyrant's Older Sister;115257;MANGA
living-as-the-tyrants-older-sister;The Tyrant's Sister;115257;MANGA
long-after-the-ending;Long After the Ending;144626;MANGA
lord-of-the-mysteries;Lord of the Mysteries;125291;MANGA
magi labyrinth of magic;Magi - Labyrinth of Magic;44790;MANGA
magi-labyrinth-of-magic;Magi: The Labyrinth of Magic;44790;MANGA
magicoal;Magico;54825;MANGA
mairi'mashita iruma kun;Mairimashita! Iruma-kun;99324;MANGA
mairimashita iruma kun;Mairimashita! Iruma-kun;99324;MANGA
mairimashita! iruma kun;Mairimashita! Iruma-kun;99324;MANGA
mairimashita-iruma-kun;Mairimashita! Iruma-kun;99324;MANGA
manager ki'm;Manager Kim;141626;MANGA
manager-kim;Manager Kim;141626;MANGA
manga-eleeed;Manga de Wakaru Seven-Eleven no 16-sai kara no Keieigaku;93256;MANGA
mangaqueen.net;Nana no Gakuen Life: Oneesama wo Get seyo;93765;MANGA
marriage alliance for revenge; Marriage Alliance for Revenge;152163;MANGA
marriage of convenience;Marriage of Convenience;147587;MANGA
marriage-alliance-for-revenge; Marriage Alliance for Revenge;152163;MANGA
marry my husband                             - marry my husband;Marry My Husband;145551;MANGA
marry-my-husband;Marry My Husband;145551;MANGA
martial wild west;Martial Wild West;155877;MANGA
martial-wild-west;Murimseobu;155877;MANGA
mashle magic and muscles;Mashle: Magic and Muscles;114960;MANGA
mashle;Mashle: Magic and Muscles;114960;MANGA
match made in heaven by chance;Match Made in Heaven by Chance;146139;MANGA
match-made-in-heaven-by-chance;Maybe Meant to Be;146139;MANGA
mato seihei no slave;Mato Seihei no Slave;106064;MANGA
mato-seihei-no-slave;Chained Soldier;106064;MANGA
medical return;Medical Return;112197;MANGA
medical-return;Medical Hwansaeng;112197;MANGA
memento memori;Memento Mori;96394;MANGA
mercenary enrollment;Teenage Mercenary;126297;MANGA
mieruko chan;Mieruko-chan;105097;MANGA
mokrin;Mokrin;159171;MANGA
mom i'm sorry;Mom, I'm Sorry;111140;MANGA
mom im sorry;Mom, I'm Sorry;111140;MANGA
mom, i'm sorry;Mom, I'm Sorry;111140;MANGA
monster of the sea;Monster of the Sea;-2;MANGA
monster-of-the-sea;Children of the Sea;35655;MANGA
monster;Monster;30001;MANGA
movies are real:;Yeonghwaneun Real-ida;130918;MANGA
movies are real;Yeonghwaneun Real-ida;130918;MANGA
mushoku tensei isekai ittara honki dasu;Mushoku Tensei: Jobless Reincarnation;85470;MANGA
mushoku-tensei-isekai-ittara-honki-dasu;Mushoku Tensei: Jobless Reincarnation;85470;MANGA
my companion is the strongest undead in another world;My Companion Is the Strongest Undead in Another World;150684;MANGA
my gift lvl 9999 unli'mited gacha;My Gift LVL 9999 Unlimited Gacha;137513;MANGA
my girlfriend cheated on me with a senior so i'm cheating on her with his girlfriend;My Girlfriend Cheated on Me With a Senior, so I’m Cheating on Her With His Girlfriend;140702;MANGA
my girlfriend cheated on me with a senior so im cheating on her with his girlfriend;My Girlfriend Cheated on Me With a Senior, so I’m Cheating on Her With His Girlfriend;140702;MANGA
my in laws are obsessed with me;My In-Laws are Obsessed with Me;142894;MANGA
my lover was stolen and i was kicked out of the hero s party but i awakened to the ex skill fixed damage and became invincible now let s begin some revenge;My Lover Was Stolen, and I Was Kicked Out of the Hero’s Party, but I Awakened to the EX Skill “Fixed Damage” and Became Invincible. Now, Let’s Begin Some Revenge;125125;MANGA
my s class hunters;My S-Class Hunters;141958;MANGA
my school life pretending to be a worthless person;My School Life Pretending To Be a Worthless Person;153994;MANGA
my wife is a demon queen;My Wife is the Demon Queen;107966;MANGA
my wife is from a thousand years ago;My Wife is from a thousand years ago;146267;MANGA
my wife is from thousand years ago;My Wife Is From a Thousand Years Ago;146267;MANGA
my-companion-is-the-strongest-undead-in-another-world;Boku no Nakama wa Isekai Saikyo Undead;150684;MANGA
my-daughter-is-the-final-boss;My Daughter Is The Final Boss;147636;MANGA
my-dear-aster;My Dear Aster;-2;MANGA
my-gift-lvl-9999-unlimited-gacha;My Gift LVL 9999 Unlimited Gacha;137513;MANGA
my-in-laws-are-obsessed-with-me;My In-Laws are Obsessed with Me;142894;MANGA
my-insanely-competent-underlings;My Insanely Competent Underlings;158488;MANGA
my-lover-was-stolen-and-i-was-kicked-out-of-the-hero-s-party-but-i-awakened-to-the-ex-skill-fixed-damage-and-became-invincible-now-let-s-begin-some-revenge;Yuusha Party kara Tsuihou sareta kedo, EX Skill "Kotei Damage" de Muteki no Sonzai ni Natta;125125;MANGA
my-school-life-pretending-to-be-a-worthless-person;Pyegeubin Cheokaetdeon Hakgyosaenghwal;153994;MANGA
my-wife-is-a-demon-queen;My Wife is the Demon Queen;107966;MANGA
my-wife-is-from-a-thousand-years-ago;My Wife is from a thousand years ago;146267;MANGA
my-wife-is-from-thousand-years-ago;My Wife is from a thousand years ago;146267;MANGA
mysteries, maidens, and mysterious disappearances;Mysteries, Maidens, And Mysterious Disappearances;113016;MANGA
nano machine;Nano Machine;120980;MANGA
natsume arata no kekkon;Natsume Arata no Kekkon  ;121817;MANGA
no place for the fake princess;No Place for the Fake Princess;161750;MANGA
nyanta and pomeko – even if you say you believe me now, it’s too late.:;Nyanta and Pomeko – Even if you say you believe me now, it’s too late.;139966;MANGA
ochikobore-datta-ani-ga-jitsu-wa-saikyou-shijou-saikyou-no-yuusha-wa-tenseishi-gakuen-de-mujikaku-ni-musou-suru-;Ochikobore Datta Ani ga Jitsu wa Saikyou: Shijou Saikyou no Yuusha wa Tenseishi, Gakuen de Mujikaku ni Musou suru;145429;MANGA
of all things i became a crow;Of all things, I Became a Crow.;145538;MANGA
of-all-things-i-became-a-crow;The Crow's Prince;145538;MANGA
oh dear nemesis;Dear Nemesis;150832;MANGA
oh-dear-nemesis;Dear Nemesis;150832;MANGA
oldman;Oldman;85237;MANGA
omniscient reader;Omniscient Reader;119257;MANGA
omniscient-reader;Omniscient Reader;119257;MANGA
omnisient-reader;Omniscient Reader;119257;MANGA
one piece;One Piece;30013;MANGA
one-piece;One Piece;30013;MANGA
one-piee;One Piece;30013;MANGA
online;Online;85904;MANGA
online;Sword Art Online;51479;MANGA
ooZ-;A Silent Voice;85135;MANGA
ore wa seikan kokka no akutoku ryoushu!;Ore wa Seikan Kokka no Akutoku Ryoushu!;139699;MANGA
ore wo suki nano wa omae dake ka yo;Ore wo Suki Nano wa Omae Dake ka yo;98648;MANGA
ountry-of-the-rimson-moon;Land of the Crimson Moon;147520;MANGA
ousama ranking;Ousama Ranking;114388;MANGA
ousama-ranking;Ousama Ranking;114388;MANGA
overgeared,;Overgeared;117460;MANGA
overgeared;Overgeared;117460;MANGA
peerless-dad-series;Father, Unrivaled;104271;MANGA
player who cant level up; Player Who Can’t Level Up;130511;MANGA
player who returned 10000 years later;Player Who Returned 10,000 Years Later;153284;MANGA
player-who-cant-level-up;The Player Who Can't Level Up;130511;MANGA
player-who-returned--years-later;Man Nyeon Mane Gwihwanhan Player;153284;MANGA
player-who-returned-10000-years-later;Man Nyeon Mane Gwihwanhan Player;153284;MANGA
player;Player;119363;MANGA
please let me return home;Please, Let Me Return Home;141121;MANGA
plunderer;Plunderer;85939;MANGA
pure-villain;Pure Villain;153948;MANGA
ra sud;Rasud;130927;MANGA
ra-sud;Rasud;130927;MANGA
ragna cri'mson;Ragna Crimson;99065;MANGA
ragna crimson .;Ragna Crimson;99065;MANGA
ragna crimson.1;Ragna Crimson;99065;MANGA
ragna crimson;Ragna Crimson;99065;MANGA
ragna-crimson.;Ragna Crimson;99065;MANGA
ragna-crimson;Ragna Crimson;99065;MANGA
ragna-rimson;Ragna Crimson;99065;MANGA
rakshasa street;Zhen Hun Jie;55588;MANGA
rakshasa-street;Zhen Hun Jie;55588;MANGA
ranger reject;Go, Go, Loser Ranger!;127564;MANGA
ranking of kings;Ranking of Kings;114388;MANGA
rasud;Rasud;130927;MANGA
re the breaker new waves;The Breaker: New Waves;52651;MANGA
read-eleceed;Selected to Serve in the Red-Light District;122500;MANGA
read-flow;Dead Flowers;109025;MANGA
real;Real;30657;MANGA
reaper of the drifting moon;Reaper of the Drifting Moon;153432;MANGA
reaper-of-the-drifting-moon;Sasinpyowol;153432;MANGA
record of ragnarok,;Record of Ragnarok;107098;MANGA
record of ragnarok;Record of Ragnarok;107098;MANGA
record-of-ragnarok;Record of Ragnarok;107098;MANGA
reformation of the deadbeat noble;The Lazy Lord Masters the Sword;135325;MANGA
reformation-of-the-deadbeat-noble.;The Lazy Lord Masters the Sword;135325;MANGA
reformation-of-the-deadbeat-noble;The Lazy Lord Masters the Sword;135325;MANGA
reinarnated-as-an-aristorat-with-an-appraisal-skill;As a Reincarnated Aristocrat, I’ll Use My Appraisal Skill to Rise in the World;121753;MANGA
reinarnation-of-the-suiidal-battle-god;Doom Breaker;136220;MANGA
reincarnated as an aristocrat with an appraisal skill;As a Reincarnated Aristocrat, I’ll Use My Appraisal Skill to Rise in the World;121753;MANGA
reincarnated-as-an-aristocrat-with-an-appraisal-skill;As a Reincarnated Aristocrat, I’ll Use My Appraisal Skill to Rise in the World;121753;MANGA
reincarnation of the suicidal battle god;Doom Breaker;136220;MANGA
reincarnation-of-the-suicidal-battle-god;Doom Breaker;136220;MANGA
relife;ReLIFE;85849;MANGA
rengoku no karma;Rengoku no Karma;86063;MANGA
reord-of-ragnarok;Record of Ragnarok;107098;MANGA
resetting-lady;Resetting Lady;153514;MANGA
return of the 8th class magician;Return of the 8th Class Magician;136331;MANGA
return of the disaster class hero;The Return of the Disaster-Class Hero;143056;MANGA
return of the frozen player;Return Of The Frozen Player;130870;MANGA
return of the mount hua sect;Return of the Blossoming Blade;132144;MANGA
return of the th class magician;The Return of the 8th Class Mage;136331;MANGA
return survival;Return Survival;118935;MANGA
return-of-the-8th-class-magician;The Return of the 8th Class Mage;136331;MANGA
return-of-the-8th-lass-magiian;The Return of the 8th Class Mage;136331;MANGA
return-of-the-disaster-class-hero;The Return of the Disaster-Class Hero;143056;MANGA
return-of-the-disaster-lass-hero;The Return of the Disaster-Class Hero;143056;MANGA
return-of-the-mount-hua-sect;Return of the Blossoming Blade;132144;MANGA
return-of-the-mount-hua-set;Return of the Blossoming Blade;132144;MANGA
return-of-the-th-class-magician;The Return of the 8th Class Mage;136331;MANGA
revolutionary princess eve;Revolutionary Princess Eve;131263;MANGA
saint of black kite~ the banished healer masters dark magic with abundant magical power:;Kurotonbi no Seija: Tsuihou sareta Kaifuku Jutsushi wa, Ariamaru Maryoku de Yami Mahou wo Kiwameru;142919;MANGA
saint of black kite~ the banished healer masters dark magic with abundant magical power;Saint of Black Kite ~ The Banished Healer Masters Dark Magic with Abundant Magical Power;142919;MANGA
sakamoto-days;SAKAMOTO DAYS;125828;MANGA
second-life-of-a-trash-princess;Second Life of a Trash Princess;154775;MANGA
see you in my 19th life;See You in My 19th Life;122060;MANGA
servamp:;SERVAMP;59887;MANGA
servamp;Servamp;59887;MANGA
shadowless night;Shadowless Night;154429;MANGA
shamo;Shamo;30727;MANGA
shes hopeless;She's Hopeless;126944;MANGA
shimotsuki-san-likes-the-mob-this-shy-girl-is-only-sweet-towards-me;Shimotsuki-san likes the mob this shy Girl is only sweet towards me;148054;MANGA
shotgun-boy;Shotgun Boy;130229;MANGA
shuumatsu no valkyrie;Record of Ragnarok;107098;MANGA
shuumatsu_no_valkyrie;Record of Ragnarok;107098;MANGA
sister i am the queen in this life;Sister, I Am the Queen in This Life;153983;MANGA
sister-i-am-the-queen-in-this-life;I'm the Queen in This Life;153983;MANGA
sisters war;Sisters at War;155133;MANGA
slide;Slider;43515;MANGA
smokin parade;Smokin' Parade;86476;MANGA
solo leveling;Solo Leveling;105398;MANGA
solo max level newbie;Solo Max-Level Newbie;137280;MANGA
solo max-level newbie;I’m the Max-Level Newbie;137280;MANGA
solo-leveling;Solo Leveling;105398;MANGA
sono mono nochi ni shinichirou nariie;Sono mono. Nochi ni...;98701;MANGA
sono-succubus;Sonogo no Succubus-san;137479;MANGA
sonogo no succubus san;Sonogo no Succubus-san;137479;MANGA
spy-x-family;SPY x FAMILY;108556;MANGA
sss class suicide hunter;SSS-Class Revival Hunter;128067;MANGA
sss-class-suicide-hunter;SSS-Class Revival Hunter;128067;MANGA
sss-lass-suiide-hunter;SSS-Class Revival Hunter;128067;MANGA
stages;Stage S;146064;MANGA
study group;Study Group;110472;MANGA
study-group-;Study Group;110472;MANGA
study-group;Study Group;110472;MANGA
subete no jinrui o hakai suru  sorera wa saisei dekinai;Subete no Jinrui wo Hakai Suru. Sorera wa Saisei Dekinai.;105790;MANGA
subete-no-jinrui-o-hakai-suru--sorera-wa-saisei-dekinai-;Subete no Jinrui wo Hakai Suru. Sorera wa Saisei Dekinai.;105790;MANGA
summer ti'me render;Summer Time Render;102989;MANGA
surviving as a fish:;Surviving as a Fish;152891;MANGA
sweet home;Sweet Home;100954;MANGA
sweet-h-o-m-e-e;Sweet Home;100954;MANGA
takopis original sin;Takopi's Original Sin;142568;MANGA
takopis-original-sin;Takopi's Original Sin;142568;MANGA
talent swallowing magician;Demon Devourer;144079;MANGA
talent-swallowing magician;Demon Devourer;144079;MANGA
talent-swallowing-magician;Demon Devourer;144079;MANGA
talent-swallowing-magiian;Demon Devourer;144079;MANGA
tenkuu shinpan;Tenkuu Shinpan;85388;MANGA
tenkuu-shinpan;High-Rise Invasion;85388;MANGA
th century boys;20th Century Boys;30003;MANGA
the 100 girlfriends who really really really really really love you;The 100 Girlfriends Who Really, Really, Really, Really, Really Love You;114416;MANGA
the apothecary will make this battered elf happy;The Apothecary Will Make This Battered Elf Happy;139465;MANGA
the baby isnt yours;The Baby Isn't Yours;150104;MANGA
the beast tamer was fired from his childhood friends s rank party;The Beast Tamer Was Fired From His Childhood Friends' S-Rank Party;141092;MANGA
the beast tamer was fired from his childhood friends' s rank party;The Beast Tamer Was Fired From His Childhood Friends' S-Rank Party;141092;MANGA
the blood moon;The Blood Moon;-2;MANGA
the boxer ;The Boxer;119174;MANGA
the boxer;The Boxer;119174;MANGA
the boy of death;The Boy of Death;118769;MANGA
the breaker 3 eternal force;The Breaker: Eternal Force;148677;MANGA
the breaker 3: eternal force;The Breaker: Eternal Force;148677;MANGA
the breaker : eternal force;Eternal Force;148677;MANGA
the breaker : eternal force;The Breaker: Eternal Force;148677;MANGA
the breaker new waves;The Breaker: New Waves;52651;MANGA
the breaker;The Breaker;38586;MANGA
the constellation that returned from hell;The Constellation That Returned From Hell;132457;MANGA
the demonic contract;The Demonic Contract;128945;MANGA
the devil's boy;The Devil's Boy;102246;MANGA
the devil;The Devil Butler;116353;MANGA
the devils boy;The Devil's Boy;102246;MANGA
the duke's bored daughter is my master;The Duke's Bored Daughter is My Master;146517;MANGA
the dungeon master;Now I'm a Demon Lord! Happily Ever After with Monster Girls in My Dungeon;106233;MANGA
the dungeon master;Tokyo Dungeon Master;100140;MANGA
the girl from random chatting;Random Chat;105429;MANGA
the guy she was interested in wasnt a guy at all;The Guy She Was Interested in Wasn't a Guy At All;149544;MANGA
the hero took everything from me so i partied with the heros mother;The Hero Took Everything from Me, So I Partied with the Hero’s Mother!;159187;MANGA
the heroine wants me as her sisterinlaw;The Heroine Wants Me as Her Sister-in-Law;161907;MANGA
the horizo;The Horizon;100568;MANGA
the horizon;The Horizon;100568;MANGA
the kind older sister is no more;The Kind Older Sister Is No More;153944;MANGA
the knight of embers series;The Knight of Embers;136087;MANGA
the one within the villainess;The One Within the Villainess;148305;MANGA
the real daughter is back;The Real Daughter Is Back;153848;MANGA
the reason why raeliana ended up at the dukes mansion series;The Reason Why Raeliana Ended Up at the Duke's Mansion;104973;MANGA
the return of the disaster class hero;The Return of the Disaster-Class Hero;143056;MANGA
the revenge of my youth my re life with a girl who was too much of an angel;The Revenge of My Youth: My Re Life with a Girl Who Was Too Much of an Angel;157751;MANGA
the s classes that i raised;My S-Class Hunters;141958;MANGA
the second coming of gluttony;The Second Coming of Gluttony;114198;MANGA
the serial killer is reincarnated into the another world;The Serial Killer Is Reincarnated Into the Another World;159295;MANGA
the tragedy of a villainess;The Tragedy of The Villainess;159442;MANGA
the villainess needs a tyrant series;The Villainess Needs Her Tyrant;137601;MANGA
the villainous daughters butler i raised her to be very cute;The Villainous Daughter’s Butler: I’ll Crush the Destruction Flags;126361;MANGA
the way to protect the female leads older brother;Roxana;129210;MANGA
the wolf that picked something up;Jianle Dongxi de Lang;123409;MANGA
the--girlfriends-who-really-really-really-really-really-love-you;The 100 Girlfriends Who Really, Really, Really, Really, Really Love You;114416;MANGA
the-100-girlfriends-who-really-really-really-really-really-love-you;The 100 Girlfriends Who Really, Really, Really, Really, Really Love You;114416;MANGA
the-apothecary-will-make-this-battered-elf-happy;Boroboro no Elf-san wo Shiawase ni Suru Kusuriuri-san;139465;MANGA
the-baby-isnt-yours;The Baby Isn't Yours;150104;MANGA
the-beast-tamer-was-fired-from-his-childhood-friends-s-rank-party;The Beast Tamer Was Fired From His Childhood Friends' S-Rank Party;141092;MANGA
the-beginning-after-the-end;The Beginning After The End;-2;MANGA
the-boxer-;The Boxer;119174;MANGA
the-boxer;The Boxer;119174;MANGA
the-boy-of-death;Hero Ticket;118769;MANGA
the-breaker--eternal-force;The Breaker: Eternal Force;148677;MANGA
the-breaker-3-eternal-force;The Breaker: Eternal Force;148677;MANGA
the-breaker;Omniscient Reader;119257;MANGA
the-breaker;The Breaker;38586;MANGA
the-constellation-that-returned-from-hell;The Celestial Returned from Hell;132457;MANGA
the-demonic-contract;The Demonic Contract;128945;MANGA
the-devil;The Devil Butler;116353;MANGA
the-devils-boy;The Devil's Boy;102246;MANGA
the-dungeon-master-1;Lazy Dungeon Master;97102;MANGA
the-dungeon-master-;Now I'm a Demon Lord! Happily Ever After with Monster Girls in My Dungeon;106233;MANGA
the-dungeon-master;Now I'm a Demon Lord! Happily Ever After with Monster Girls in My Dungeon;106233;MANGA
the-girl-from-random-chatting;Random Chat;105429;MANGA
the-girl-from-random-hatting;Random Chat;105429;MANGA
the-greatest-estate-developer-;The Greatest Estate Developer;140407;MANGA
the-greatest-estate-developer;The Greatest Estate Developer;140407;MANGA
the-hero-took-everything-from-me-so-i-partied-with-the-heros-mother;The Hero Took Everything from Me, So I Partied with the Hero’s Mother!;159187;MANGA
the-horizo;The Horizon;100568;MANGA
the-horizon;The Horizon;100568;MANGA
the-knight-of-embers-series;The Knight of Embers;136087;MANGA
the-reason-why-raeliana-ended-up-at-the-dukes-mansion-series;Why Raeliana Ended Up at the Duke's Mansion;104973;MANGA
the-revenge-of-my-youth-my-re-life-with-a-girl-who-was-too-much-of-an-angel;InCha Datta Ore no Seishun Revenge: Tenshi Sugiru Ano Ko to Ayumu Relife;157751;MANGA
the-s-classes-that-i-raised-;My S-Class Hunters;141958;MANGA
the-s-classes-that-i-raised;My S-Class Hunters;141958;MANGA
the-s-lasses-that-i-raised-;My S-Class Hunters;141958;MANGA
the-s-lasses-that-i-raised;My S-Class Hunters;141958;MANGA
the-second-coming-of-gluttony;The Second Coming of Gluttony;114198;MANGA
the-seond-oming-of-gluttony;The Second Coming of Gluttony;114198;MANGA
the-spark-in-your-eyes;The Spark in Your Eyes;119701;MANGA
the-tragedy-of-a-villainess;I've Become a True Villainess;159442;MANGA
the-tyrant-wants-to-live-honestly;The Tyrant Wants To Live Honestly;156413;MANGA
the-villainess-needs-a-tyrant-series;The Villainess Needs Her Tyrant;137601;MANGA
the-villainous-daughters-butler-i-raised-her-to-be-very-cute;The Villainous Daughter’s Butler: I’ll Crush the Destruction Flags;126361;MANGA
the-way-to-protect-the-female-leads-older-brother;Roxana;129210;MANGA
the-wolf-that-picked-something-up.;Jianle Dongxi de Lang;123409;MANGA
the-wolf-that-picked-something-up;Jianle Dongxi de Lang;123409;MANGA
the-wolf-that-piked-something-up;Jianle Dongxi de Lang;123409;MANGA
the_breaker_new_waves;The Breaker: New Waves;52651;MANGA
thebreakereternalfor;The Breaker: Eternal Force;148677;MANGA
thebreakereternalforce;The Breaker: Eternal Force;148677;MANGA
thebreakereternalfore;Eternal Force;148677;MANGA
thebreakereternalfore;The Breaker: Eternal Force;148677;MANGA
thehorizo;The Horizon;100568;MANGA
there were times when i wished you were dead;Wished You Were Dead;141843;MANGA
there-were-times-when-i-wished-you-were-dead;Wished You Were Dead;141843;MANGA
this villainess wants a divorce!;This Villainess Wants a Divorce!;107763;MANGA
to a new you;To a New You ;139411;MANGA
tokoshie × bullet   shin minato koubou sen;Tokoshi x Bullet: Shin Minato Koubou-sen;125008;MANGA
tokyo aliens;Tokyo Aliens;123657;MANGA
tokyo revengers;Tokyo Revengers;102988;MANGA
tokyo-aliens;Tokyo Aliens;123657;MANGA
tokyo-revengers;Tokyo Revengers;102988;MANGA
tou-were-dead;Wished You Were Dead;141843;MANGA
tower of god;Tower of God;85143;MANGA
tower-of-god;Tower of God;85143;MANGA
trash of the count family;Trash of the Count's Family;123573;MANGA
trash of the count's family;Trash of the Count’s Family;123573;MANGA
trash of the counts family;Trash of the Count's Family;123573;MANGA
trash of the count’s family,;Trash of the Count’s Family;123573;MANGA
trash of the count’s family;Trash of the Count’s Family;123573;MANGA
trash-of-the-count-family;Trash of the Count’s Family;123573;MANGA
trash-of-the-counts-family;Lout of Count’s Family;123573;MANGA
trash-of-the-ount-family;Trash of the Count’s Family;123573;MANGA
tsuihou suru gawa no monogatari   nakama wo tsuihou shitara party ga jakutaika shitakedo, sekaiichi wo mezashimasu;Tsuihou Suru Gawa no Monogatari: Nakama wo Tsuihou Shitara Party ga Jakutaika Shitakedo, Sekaiichi wo Mezashimasu.;159538;MANGA
tsuihousareru tabi ni skill wo te ni ireta ore ga, 100 no isekai de 2-shuume musou;Tsuihou Sareru Tabini Sukiru wo te ni Ireta Ore ga, 100 no Isekai de 2-shuume Musou;159212;MANGA
tsuki'michi moonlit fantasy;Tsukimichi: Moonlit Fantasy;87225;MANGA
tsukimichi moonlit fantasy;Tsukimichi: Moonlit Fantasy;87225;MANGA
unOrdinary;Ordinary±;40579;MANGA
undead unluck;Undead Unluck;114791;MANGA
undead-unluck;Undead Unluck;114791;MANGA
undead-unluk;Undead Unluck;114791;MANGA
untouchable lady;Solitary Lady;133575;MANGA
untouchable-lady-;Solitary Lady;133575;MANGA
untouchable-lady-a;Solitary Lady;133575;MANGA
untouchable-lady;Solitary Lady;133575;MANGA
untouhable-lady;Solitary Lady;133575;MANGA
uratarou;Uratarou;97728;MANGA
venus puts fur on me.;Venus Puts Fur On Me.;110030;MANGA
wagamama oujo ni tsukaeta bannoushitsuji, tonari no teikoku de saikyou no gunjin ni nariagari musousuru;Wagamama Oujo ni Tsukaeta Bannou Shitsuji, Tonari no Teikoku de Saikyou no Gunjin ni Nariagari Musou Suru;142628;MANGA
we are living apart so lets start my family again;We Were Living Apart, so Let’s Start My Family Again;131377;MANGA
when i returned to my hometown, my childhood friend was broken:;Jimoto ni Kaettekitara Osananajimi ga Kowareteta;150890;MANGA
when i returned to my hometown, my childhood friend was broken;When I Returned to My Hometown, My Childhood Friend Was Broken;150890;MANGA
when the villainess loves;When the Villainess Loves;124474;MANGA
when-the-villainess-loves-;When the Villainess is in Love;124474;MANGA
when-the-villainess-loves;When the Villainess is in Love;124474;MANGA
white necromancer road to necromancer king;White Necromancer ~Road to Necromancer King~;138904;MANGA
white-necromancer-road-to-necromancer-king;White Necromancer ~Road to Necromancer King~;138904;MANGA
who-made-me-a-princess;Who Made Me a Princess;107521;MANGA
wished-you-were-dead;Wished You Were Dead;141843;MANGA
worthless regression;Worthless Regression;147027;MANGA
worthless-regression;Jwippuldo Eomneun Hoegwi;147027;MANGA
worthless-regression;Worthless Regression;147027;MANGA
writing my male lead's happily ever after;Writing My Male Lead's Happily Ever After;146498;MANGA
yasei no last boss ga arawareta;Yasei no Last Boss ga Arawareta!;99776;MANGA
yasei_no_last_boss_ga_arawareta;Yasei no Last Boss ga Arawareta!;99776;MANGA
yeonghwaneun real ida;Yeonghwaneun Real-ida;130918;MANGA
yeonwoos innocence; Yeonwoo's Innocence  ;125233;MANGA
yeonwoos-innocence;Yeonwoo Sunjeong;125233;MANGA
yofukashi no uta;Yofukashi no Uta;111233;MANGA
yofukashi-no-uta;Call of the Night;111233;MANGA
yona-of-the-dawn;Yona of the Dawn;51525;MANGA
youchien wars;Youchien WARS;154349;MANGA
your throne;Your Throne;114542;MANGA
your-throne;Your Throne;114542;MANGA
yugami kun ni wa tomodachi ga inai;Yugami-kun ni wa Tomodachi ga Inai;85413;MANGA
yugami-kun ni wa tomodachi ga inai;Yugami-kun ni wa Tomodachi ga Inai;85413;MANGA
z manager kim;Manager Kim;141626;MANGA
zanuff the butcher;Zanuff the Butcher;100095;MANGA
zomgan;ZomGan;153682;MANGA
|a succubus and thereafter |||;A Succubus and Thereafter;137479;MANGA
Übel Blatt;Übel Blatt 0;142429;MANGA
my husband my sister and i;My Husband, My Sister, and I;145208;MANGA
My Husband, My Sister, and I;My Husband, My Sister, and I;145208;MANGA
dungeon meshi;Dungeon Meshi;86082;MANGA
Dungeon Meshi;Dungeon Meshi;86082;MANGA
my husband my sister and i;My Husband, My Sister, and I;145208;MANGA
My Husband, My Sister, and I;My Husband, My Sister, and I;145208;MANGA
Dungeon Meshi;Dungeon Meshi;86082;MANGA
My Husband, My Sister, and I;My Husband, My Sister, and I;145208;MANGA
My Husband, My Sister, and I;My Husband, My Sister, and I;145208;MANGA
